Year,Month,DayofMonth,DayOfWeek,DepTime,ArrTime,UniqueCarrier,FlightNum,TailNum,ActualElapsedTime,AirTime,ArrDelay,DepDelay,Origin,Dest,Distance,TaxiIn,TaxiOut,Cancelled,CancellationCode,Diverted
2011,10,5,3,1200,1250,WN,24,N336SW,50,40,-10,0,HOU,DAL,239,4,6,0,NA,0
2011,8,26,5,1914,2234,CO,1662,N38403,140,120,1,-1,IAH,RSW,861,6,14,0,NA,0
2011,7,21,4,903,950,CO,1583,N24729,47,31,-19,-7,IAH,AUS,140,7,9,0,NA,0
2011,11,8,2,1957,2100,AA,657,N480AA,63,40,5,17,IAH,DFW,224,4,19,0,NA,0
2011,7,22,5,1053,1438,WN,376,N273WN,165,153,13,-2,HOU,FLL,957,3,9,0,NA,0
2011,10,11,2,1535,1852,XE,4283,N14907,137,107,6,5,IAH,IND,844,5,25,0,NA,0
2011,6,7,2,1338,1658,XE,2715,N10156,140,117,11,3,IAH,CAE,878,4,19,0,NA,0
2011,3,29,2,1522,1622,XE,2625,N14943,60,47,-5,-2,IAH,HRL,295,4,9,0,NA,0
2011,4,10,7,912,1033,XE,2176,N18120,141,115,21,2,IAH,ABQ,744,5,21,0,NA,0
2011,10,4,2,859,1019,WN,217,N901WN,200,187,4,19,HOU,LAX,1390,6,7,0,NA,0
2011,4,19,2,1920,2047,CO,297,N75854,207,167,32,25,IAH,LAS,1222,10,30,0,NA,0
2011,10,11,2,1322,1634,CO,1148,N57868,132,108,-16,-8,IAH,MCO,854,8,16,0,NA,0
2011,7,6,3,2005,2105,AA,426,N4XKAA,60,43,-20,0,IAH,DFW,224,8,9,0,NA,0
2011,4,26,2,2348,52,XE,2803,N14947,64,48,177,163,IAH,SHV,192,4,12,0,NA,0
2011,6,15,3,1918,217,CO,755,N23721,NA,NA,NA,28,IAH,ATL,689,35,55,0,NA,1
2011,6,1,3,1608,2044,CO,210,N19136,216,193,6,18,IAH,EWR,1400,9,14,0,NA,0
2011,6,4,6,1757,1949,CO,1889,N73291,232,206,2,12,IAH,SMF,1609,3,23,0,NA,0
2011,3,11,5,736,1122,WN,3386,N299WN,166,154,2,11,HOU,BWI,1246,4,8,0,NA,0
2011,10,25,2,1848,2125,CO,1282,N76504,277,257,-11,-7,IAH,SEA,1874,5,15,0,NA,0
2011,12,27,2,1339,1433,WN,213,N434WN,54,43,-7,-1,HOU,MSY,302,4,7,0,NA,0
2011,11,15,2,1315,1514,WN,1098,N796SW,179,162,4,0,HOU,PHX,1020,6,11,0,NA,0
2011,8,5,5,2116,2226,CO,1486,N38257,190,165,-5,1,IAH,SAN,1303,4,21,0,NA,0
2011,5,11,3,NA,NA,AA,1566,N561AA,NA,NA,NA,NA,IAH,DFW,224,NA,NA,1,B,0
2011,10,9,7,1742,2047,XE,4190,N13955,125,110,67,67,IAH,JAX,817,4,11,0,NA,0
2011,8,24,3,1532,1632,WN,2210,N290WN,60,51,7,7,HOU,MSY,302,3,6,0,NA,0
2011,11,28,1,1014,1125,MQ,2958,N803MQ,71,48,0,-1,HOU,DFW,247,9,14,0,NA,0
2011,9,8,4,1229,1320,WN,1673,N433LV,51,33,5,-1,HOU,AUS,148,4,14,0,NA,0
2011,5,22,7,1128,1246,WN,2189,N446WN,138,125,91,98,HOU,DEN,883,5,8,0,NA,0
2011,1,27,4,1031,1143,XE,2482,N13935,72,50,-6,-4,IAH,GPT,376,4,18,0,NA,0
2011,4,29,5,756,908,XE,2469,N14933,72,41,11,-4,IAH,CRP,201,6,25,0,NA,0
2011,10,17,1,1307,1719,US,1824,N950UW,192,166,-11,-7,IAH,PHL,1325,3,23,0,NA,0
2011,12,28,3,2039,2348,XE,4573,N13997,129,116,-2,4,IAH,SDF,788,6,7,0,NA,0
2011,7,7,4,1557,1657,XE,2936,N41104,60,36,3,2,IAH,AEX,190,3,21,0,NA,0
2011,10,20,4,1913,2126,WN,397,N207WN,133,121,16,28,HOU,MDW,937,5,7,0,NA,0
2011,10,20,4,832,927,WN,3495,N373SW,55,39,-3,-3,HOU,SAT,192,3,13,0,NA,0
2011,8,12,5,859,1008,CO,862,N57852,189,158,-12,-6,IAH,LAS,1222,14,17,0,NA,0
2011,9,20,2,713,1041,XE,4652,N14174,148,134,-23,-2,IAH,DTW,1075,6,8,0,NA,0
2011,7,31,7,756,850,WN,8,N647SW,54,40,-10,-4,HOU,DAL,239,4,10,0,NA,0
2011,3,13,7,2123,2243,WN,1332,N924WN,140,129,8,23,HOU,DEN,883,5,6,0,NA,0
2011,6,3,5,2100,2300,CO,1812,N32626,120,99,-21,-5,IAH,OMA,781,6,15,0,NA,0
2011,8,22,1,1215,1318,CO,1555,N37252,183,164,-7,-5,IAH,SAN,1303,4,15,0,NA,0
2011,8,20,6,1435,1617,WN,1736,N903WN,102,77,12,5,HOU,ECP,571,20,5,0,NA,0
2011,5,29,7,1547,1857,DL,8,N772NC,130,92,-2,-3,IAH,ATL,689,27,11,0,NA,0
2011,4,22,5,1433,1728,CO,746,N33209,175,145,23,3,IAH,ORD,925,15,15,0,NA,0
2011,5,7,6,1904,2143,CO,670,N14237,279,251,27,4,IAH,SFO,1635,7,21,0,NA,0
2011,1,8,6,1014,1405,CO,1544,N16632,171,135,11,-1,IAH,CLE,1091,10,26,0,NA,0
2011,4,16,6,912,1010,OO,1151,N703SK,118,97,8,-3,IAH,ELP,667,4,17,0,NA,0
2011,6,27,1,625,831,WN,491,N346SW,126,115,6,0,HOU,STL,687,5,6,0,NA,0
2011,2,14,1,1200,1309,AA,1505,N577AA,69,42,-16,-10,IAH,DFW,224,10,17,0,NA,0
2011,4,15,5,929,1234,CO,1767,N77431,305,275,29,-1,IAH,SEA,1874,5,25,0,NA,0
2011,1,21,5,1034,1342,XE,2622,N31131,128,104,-7,-6,IAH,CAE,878,3,21,0,NA,0
2011,2,8,2,927,1343,CO,1,N68061,496,473,-7,2,IAH,HNL,3904,5,18,0,NA,0
2011,6,8,3,1253,1618,XE,2396,N14173,145,124,4,3,IAH,CLT,913,6,15,0,NA,0
2011,6,10,5,818,900,WN,1,N928WN,42,30,-10,-2,HOU,CRP,187,4,8,0,NA,0
2011,7,28,4,1823,1927,XE,3027,N14930,64,47,15,13,IAH,HRL,295,2,15,0,NA,0
2011,7,6,3,701,852,OO,4484,N813SK,171,149,-18,1,IAH,SLC,1195,11,11,0,NA,0
2011,12,25,7,1421,1740,XE,4318,N13550,139,119,2,6,IAH,GSO,987,3,17,0,NA,0
2011,12,16,5,2128,2353,CO,1712,N74856,265,218,14,13,IAH,SFO,1635,5,42,0,NA,0
2011,2,15,2,1533,1844,XE,2298,N16151,131,109,-4,-2,IAH,IND,845,6,16,0,NA,0
2011,6,11,6,1428,1700,CO,767,N18220,272,250,10,3,IAH,SEA,1874,4,18,0,NA,0
2011,9,10,6,1258,1427,XE,2456,N13914,89,70,-2,-2,IAH,VPS,528,7,12,0,NA,0
2011,1,14,5,1812,1904,WN,48,N937WN,52,42,4,12,HOU,DAL,239,3,7,0,NA,0
2011,7,7,4,1809,1955,XE,2759,N15948,106,81,0,-6,IAH,BHM,562,4,21,0,NA,0
2011,6,1,3,1519,2019,CO,62,N73299,240,190,70,54,IAH,EWR,1400,11,39,0,NA,0
2011,12,30,5,1445,1827,XE,4318,N15555,162,121,49,30,IAH,GSO,987,4,37,0,NA,0
2011,11,7,1,937,1108,WN,907,N760SW,211,199,-22,-3,HOU,LAX,1390,5,7,0,NA,0
2011,10,19,3,1328,1415,WN,23,N323SW,47,34,5,8,HOU,CRP,187,5,8,0,NA,0
2011,8,15,1,1506,1656,CO,1869,N35204,230,213,-4,6,IAH,SFO,1635,6,11,0,NA,0
2011,6,27,1,904,1216,DL,1590,N762NC,132,100,4,-3,IAH,ATL,689,11,21,0,NA,0
2011,3,6,7,1129,1330,CO,1719,N76502,181,162,16,-1,IAH,MTJ,926,4,15,0,NA,0
2011,4,16,6,2105,2255,XE,2976,N11539,110,99,-2,-5,IAH,MCI,643,2,9,0,NA,0
2011,11,5,6,1749,1903,CO,59,N37287,134,116,-14,-1,IAH,DEN,862,6,12,0,NA,0
2011,3,8,2,1746,1858,OO,1151,N789SK,132,110,-7,-1,IAH,ABQ,744,5,17,0,NA,0
2011,6,21,2,1930,2040,XE,2731,N14937,70,45,43,30,IAH,SHV,192,6,19,0,NA,0
2011,7,3,7,1614,1723,WN,650,N258WN,189,173,-12,4,HOU,LAX,1390,8,8,0,NA,0
2011,8,1,1,736,854,OO,5816,N679SA,78,38,22,1,IAH,DAL,216,5,35,0,NA,0
2011,3,18,5,2106,2213,OO,1140,N771SK,127,112,-20,-9,IAH,COS,809,5,10,0,NA,0
2011,11,8,2,1830,2058,CO,1609,N16234,268,223,40,30,IAH,SMF,1609,6,39,0,NA,0
2011,4,3,7,1427,1752,XE,2198,N26141,145,121,18,12,IAH,CRW,975,3,21,0,NA,0
2011,9,30,5,1436,1534,XE,2406,N15941,58,38,14,16,IAH,DAL,216,3,17,0,NA,0
2011,4,16,6,1905,2241,XE,2171,N12167,156,140,-11,0,IAH,ORF,1201,3,13,0,NA,0
2011,10,15,6,1309,1402,OO,5240,N954SW,53,27,17,14,IAH,AUS,140,5,21,0,NA,0
2011,5,1,7,932,1130,CO,1470,N14237,238,211,1,-3,IAH,RNO,1530,5,22,0,NA,0
2011,3,12,6,1756,1904,XE,2425,N13970,68,49,-1,-4,IAH,BRO,308,4,15,0,NA,0
2011,12,27,2,916,1040,CO,1677,N77865,204,175,11,16,IAH,LAS,1222,10,19,0,NA,0
2011,11,7,1,719,822,CO,128,N37281,63,43,-6,4,IAH,MSY,305,3,17,0,NA,0
2011,2,14,1,1039,1418,XE,2446,N12142,159,134,9,-1,IAH,RDU,1043,5,20,0,NA,0
2011,9,1,4,1806,2203,CO,1541,N27724,177,159,3,-3,IAH,DCA,1208,4,14,0,NA,0
2011,1,25,2,2252,2339,XE,2956,N17196,47,29,-7,-8,IAH,AUS,140,5,13,0,NA,0
2011,6,1,3,1448,1506,XE,2601,N17196,138,120,-8,3,IAH,TUS,936,4,14,0,NA,0
2011,4,1,5,1228,1424,OO,5801,N471CA,116,103,101,103,IAH,STL,668,3,10,0,NA,0
2011,2,25,5,2017,1,CO,426,N18622,164,140,34,67,IAH,BWI,1235,7,17,0,NA,0
2011,5,18,3,2030,105,CO,582,N37263,215,191,87,100,IAH,BOS,1597,10,14,0,NA,0
2011,1,23,7,2111,2234,XE,2192,N13995,83,68,-9,-4,IAH,MAF,429,3,12,0,NA,0
2011,6,5,7,2206,2259,WN,1212,N483WN,53,40,9,11,HOU,HRL,276,3,10,0,NA,0
2011,9,1,4,934,1110,XE,2799,N12946,96,77,-9,-6,IAH,ICT,542,4,15,0,NA,0
2011,3,14,1,600,841,CO,1421,N39416,161,134,1,0,IAH,ORD,925,11,16,0,NA,0
2011,11,17,4,1330,1622,DL,2084,N920DE,112,88,-13,-1,IAH,ATL,689,9,15,0,NA,0
2011,9,8,4,1124,1301,XE,4659,N12946,97,76,1,-1,IAH,AMA,517,9,12,0,NA,0
2011,12,18,7,2251,16,OO,5163,N785SK,205,190,76,101,IAH,BFL,1428,5,10,0,NA,0
2011,8,17,3,1345,1701,XE,2587,N27190,136,121,-14,-5,IAH,RSW,861,2,13,0,NA,0
2011,8,2,2,1803,1942,XE,2759,N14570,99,80,-4,-2,IAH,BHM,562,4,15,0,NA,0
2011,1,2,7,1352,1640,XE,2599,N12172,168,152,2,-5,IAH,MSP,1034,4,12,0,NA,0
2011,11,1,2,1600,1857,DL,2126,N769NC,117,92,-18,-9,HOU,ATL,696,7,18,0,NA,0
2011,6,6,1,759,1053,WN,297,N242WN,114,104,-7,9,HOU,TPA,781,4,6,0,NA,0
2011,7,29,5,1045,1156,CO,1474,N73275,191,166,-2,15,IAH,LAX,1379,9,16,0,NA,0
2011,3,20,7,1614,1858,XE,2122,N18114,164,147,5,-1,IAH,MSP,1034,4,13,0,NA,0
2011,4,25,1,NA,NA,MQ,3265,N941MQ,NA,NA,NA,NA,HOU,DFW,247,NA,NA,1,B,0
2011,12,9,5,2012,2109,OO,5242,N986SW,57,38,-3,2,IAH,DAL,216,3,16,0,NA,0
2011,1,25,2,2049,2357,XE,3036,N16149,128,115,51,54,IAH,CHS,925,4,9,0,NA,0
2011,10,5,3,1706,1833,WN,2396,N280WN,207,197,53,46,HOU,SAN,1313,4,6,0,NA,0
2011,1,8,6,1534,1632,CO,35,N33266,58,31,9,-1,IAH,AUS,140,8,19,0,NA,0
2011,2,20,7,1739,1824,XE,2902,N13929,45,33,-14,-1,IAH,LFT,201,5,7,0,NA,0
2011,5,23,1,1904,2032,CO,1826,N73283,148,127,7,4,IAH,DEN,862,6,15,0,NA,0
2011,12,17,6,1953,2054,XE,4141,N12563,61,40,-10,-9,IAH,BTR,253,8,13,0,NA,0
2011,3,1,2,1425,1626,XE,2274,N13538,121,101,3,0,IAH,MCI,643,4,16,0,NA,0
2011,5,27,5,1919,2123,CO,1706,N87507,244,219,85,89,IAH,SJC,1609,5,20,0,NA,0
2011,3,7,1,1504,1718,WN,2018,N514SW,134,123,-17,-1,HOU,MDW,937,3,8,0,NA,0
2011,3,4,5,2103,2342,CO,467,N37253,279,262,0,-2,IAH,SEA,1874,5,12,0,NA,0
2011,7,3,7,1114,1300,XE,3002,N17108,106,91,59,64,IAH,BNA,657,7,8,0,NA,0
2011,6,18,6,1427,1631,OO,4455,N613QX,184,174,11,7,IAH,SLC,1195,3,7,0,NA,0
2011,7,9,6,1121,1325,OO,1190,N780SK,124,106,-3,-4,IAH,OMA,781,4,14,0,NA,0
2011,7,25,1,2037,2335,CO,1498,N17730,118,96,85,102,IAH,ATL,689,10,12,0,NA,0
2011,2,27,7,1556,1704,CO,623,N39416,68,49,80,81,IAH,MSY,305,4,15,0,NA,0
2011,5,30,1,1530,1841,XE,2298,N14171,131,111,-8,-5,IAH,IND,845,6,14,0,NA,0
2011,1,18,2,1530,1804,XE,2278,N18114,154,131,26,0,IAH,OMA,781,4,19,0,NA,0
2011,6,24,5,1500,1529,US,269,N822AW,149,134,-15,-5,IAH,PHX,1009,6,9,0,NA,0
2011,8,11,4,1146,1416,CO,1547,N57439,150,121,-5,1,IAH,ORD,925,13,16,0,NA,0
2011,10,26,3,1843,2227,CO,1027,N24633,164,131,-11,-7,IAH,DTW,1075,10,23,0,NA,0
2011,6,24,5,1539,1633,CO,1872,N24224,174,158,17,39,IAH,SAN,1303,4,12,0,NA,0
2011,6,2,4,2009,2127,MQ,3724,N522MQ,198,176,2,24,IAH,LAX,1379,6,16,0,NA,0
2011,8,10,3,853,1201,XE,2183,N15555,128,110,9,8,IAH,SDF,788,6,12,0,NA,0
2011,1,30,7,1912,2108,XE,2873,N14938,116,80,38,32,IAH,AMA,519,5,31,0,NA,0
2011,11,28,1,1301,1705,CO,1137,N87527,184,160,17,3,IAH,DCA,1208,4,20,0,NA,0
2011,5,27,5,629,723,WN,2,N411WN,54,45,-2,-1,HOU,DAL,239,3,6,0,NA,0
2011,3,24,4,2104,2234,CO,597,N37408,210,183,1,-1,IAH,LAS,1222,10,17,0,NA,0
2011,4,11,1,1932,2312,XE,2027,N14162,160,131,20,12,IAH,GRR,1042,5,24,0,NA,0
2011,6,2,4,1307,1452,WN,113,N399WN,105,92,-3,2,HOU,BNA,670,6,7,0,NA,0
2011,10,17,1,554,910,AA,466,N3EJAA,136,120,-10,-6,IAH,MIA,964,4,12,0,NA,0
2011,4,27,3,1130,1349,MQ,3796,N500MQ,139,122,-1,10,IAH,ORD,925,6,11,0,NA,0
2011,5,9,1,1033,1459,CO,1786,N77295,206,185,6,3,IAH,PHL,1324,6,15,0,NA,0
2011,1,24,1,1035,1358,XE,2268,N33182,143,122,-11,-5,IAH,PBI,956,2,19,0,NA,0
2011,5,9,1,1338,1441,WN,1154,N446WN,63,51,-9,-2,HOU,JAN,359,5,7,0,NA,0
2011,6,2,4,1759,2110,OO,5835,N929SW,131,106,10,-1,IAH,ATL,689,6,19,0,NA,0
2011,12,17,6,1912,2259,CO,1111,N23708,167,143,10,17,IAH,DCA,1208,5,19,0,NA,0
2011,4,20,3,1737,1818,CO,520,N73406,161,144,4,7,IAH,PHX,1009,5,12,0,NA,0
2011,9,12,1,1729,2034,WN,39,N657SW,125,111,-31,-1,HOU,MCO,849,6,8,0,NA,0
2011,3,13,7,1635,1803,XE,2465,N11548,88,65,4,2,IAH,MAF,429,6,17,0,NA,0
2011,12,19,1,1547,1921,XE,4275,N17185,154,131,13,12,IAH,RDU,1042,7,16,0,NA,0
2011,7,12,2,1340,1723,CO,1887,N73283,163,139,3,-5,IAH,FLL,965,3,21,0,NA,0
2011,7,15,5,1032,1419,XE,2295,N23139,167,140,39,2,IAH,SAV,851,4,23,0,NA,0
2011,12,27,2,1208,1615,CO,1204,N27724,187,170,16,29,IAH,LGA,1416,7,10,0,NA,0
2011,3,5,6,1504,1640,XE,2601,N14203,156,134,-3,-1,IAH,TUS,936,4,18,0,NA,0
2011,1,17,1,1544,1835,XE,2948,N11189,171,145,19,-1,IAH,MKE,984,8,18,0,NA,0
2011,2,20,7,1526,1648,XE,2944,N12564,82,66,-18,-4,IAH,MEM,469,5,11,0,NA,0
2011,11,6,7,958,1052,WN,16,N664WN,54,43,-8,-2,HOU,DAL,239,3,8,0,NA,0
2011,1,21,5,1538,1634,XE,2442,N13161,56,32,-6,-7,IAH,LFT,201,6,18,0,NA,0
2011,12,29,4,1336,1611,CO,1501,N32404,155,124,16,21,IAH,ORD,925,7,24,0,NA,0
2011,4,13,3,1239,1549,OO,1187,N773SK,130,114,-18,-4,IAH,CLT,913,4,12,0,NA,0
2011,7,6,3,1037,1547,CO,1837,N37287,250,228,18,-2,IAH,LGA,1416,7,15,0,NA,0
2011,6,23,4,1328,1702,CO,1548,N37281,154,136,3,3,IAH,FLL,965,6,12,0,NA,0
2011,1,17,1,827,1127,XE,2435,N14991,120,107,3,-2,IAH,JAX,817,4,9,0,NA,0
2011,10,22,6,1532,1617,XE,4177,N15926,45,32,-22,2,IAH,SHV,192,6,7,0,NA,0
2011,12,1,4,1913,2019,XE,4555,N14933,66,39,-6,-2,IAH,MLU,262,5,22,0,NA,0
2011,4,3,7,1415,1507,WN,32,N326SW,52,42,7,15,HOU,DAL,239,3,7,0,NA,0
2011,11,12,6,1926,2242,CO,1523,N76517,136,111,-5,1,IAH,PBI,956,5,20,0,NA,0
2011,11,27,7,2154,2241,WN,1129,N339SW,107,93,-14,-1,HOU,ELP,677,4,10,0,NA,0
2011,8,31,3,659,1011,DL,810,N979DL,132,104,-4,-3,IAH,ATL,689,16,12,0,NA,0
2011,3,18,5,858,1011,WN,1469,N226WN,73,63,-14,-2,HOU,MAF,441,3,7,0,NA,0
2011,5,17,2,658,824,WN,273,N372SW,86,71,4,-2,HOU,TUL,453,3,12,0,NA,0
2011,5,10,2,1920,2222,CO,500,N27724,122,106,-23,-5,IAH,IND,845,5,11,0,NA,0
2011,11,22,2,937,1224,CO,1179,N12216,227,151,74,27,IAH,PHX,1009,9,67,0,NA,0
2011,2,3,4,1417,1552,WN,23,N731SA,95,79,37,52,HOU,BNA,670,6,10,0,NA,0
2011,9,17,6,914,1014,OO,2047,N784SK,120,102,9,14,IAH,ABQ,744,3,15,0,NA,0
2011,1,17,1,1404,1451,WN,195,N689SW,47,35,-4,-1,HOU,CRP,187,4,8,0,NA,0
2011,8,24,3,2257,36,XE,2493,N16944,99,84,100,97,IAH,ICT,542,6,9,0,NA,0
2011,6,8,3,1928,2049,XE,3022,N15948,81,57,4,-2,IAH,GPT,376,6,18,0,NA,0
2011,7,8,5,1526,1617,WN,31,N624SW,51,32,2,1,HOU,CRP,187,4,15,0,NA,0
2011,8,13,6,1155,1303,WN,3617,N294WN,188,173,-17,0,HOU,LAX,1390,8,7,0,NA,0
2011,1,27,4,1348,1658,XE,2010,N26549,130,111,21,15,IAH,SDF,788,6,13,0,NA,0
2011,11,21,1,2018,2154,XE,4421,N11113,96,80,-1,8,IAH,HSV,595,6,10,0,NA,0
2011,9,15,4,2022,2158,MQ,3724,N8EGMQ,216,193,-2,-8,IAH,LAX,1379,7,16,0,NA,0
2011,3,26,6,1002,1129,WN,2976,N513SW,87,78,-11,-3,HOU,BHM,570,3,6,0,NA,0
2011,10,30,7,602,818,OO,5566,N788SK,136,115,-13,2,IAH,ORD,925,8,13,0,NA,0
2011,1,15,6,1656,1746,WN,863,N940WN,50,39,1,1,HOU,CRP,187,5,6,0,NA,0
2011,10,17,1,630,750,WN,3493,N914WN,140,129,-5,0,HOU,DEN,883,4,7,0,NA,0
2011,8,29,1,1012,1405,CO,1244,N11612,173,147,4,-3,IAH,PIT,1117,11,15,0,NA,0
2011,2,28,1,2134,24,CO,209,N37274,290,262,26,9,IAH,PDX,1825,6,22,0,NA,0
2011,1,22,6,1551,1841,DL,8,N949DL,110,89,-22,-8,IAH,ATL,689,8,13,0,NA,0
2011,12,27,2,614,733,WN,459,N968WN,199,183,-7,-1,HOU,LAS,1235,5,11,0,NA,0
2011,5,30,1,1620,1751,XE,2695,N15555,91,79,19,25,IAH,BHM,562,3,9,0,NA,0
2011,11,29,2,1729,2037,XE,4481,N14960,128,112,-4,-1,IAH,SDF,788,4,12,0,NA,0
2011,6,19,7,2004,2104,AA,426,N436AA,60,43,-21,-1,IAH,DFW,224,6,11,0,NA,0
2011,9,27,2,2258,2352,XE,2450,N13132,54,33,-2,-7,IAH,SAT,191,8,13,0,NA,0
2011,3,5,6,2145,2304,OO,5823,N964SW,79,65,28,30,IAH,MAF,429,3,11,0,NA,0
2011,2,28,1,1430,1654,CO,370,N38268,264,235,9,5,IAH,SFO,1635,5,24,0,NA,0
2011,7,23,6,737,853,XE,2891,N14945,76,54,4,0,IAH,JAN,351,5,17,0,NA,0
2011,1,9,7,2109,2319,CO,1046,N75854,130,112,-8,14,IAH,ORD,925,7,11,0,NA,0
2011,8,9,2,1704,2006,CO,1852,N34282,122,101,66,79,IAH,TPA,787,6,15,0,NA,0
2011,3,11,5,1255,1619,XE,2841,N11127,144,125,9,5,IAH,DAY,929,3,16,0,NA,0
2011,6,19,7,1631,1723,WN,42,N735SA,52,41,-7,1,HOU,DAL,239,3,8,0,NA,0
2011,5,12,4,1020,1138,XE,3119,N14945,78,62,-5,-5,IAH,MOB,427,5,11,0,NA,0
2011,4,12,2,730,1123,CO,258,N23721,173,149,-14,-5,IAH,DCA,1208,4,20,0,NA,0
2011,1,30,7,1915,2215,CO,1506,N77430,120,89,9,15,IAH,TPA,787,5,26,0,NA,0
2011,1,26,3,643,748,WN,2984,N910WN,65,44,3,-2,HOU,MSY,303,4,17,0,NA,0
2011,9,29,4,2101,2116,OO,2046,N766SK,135,115,-11,6,IAH,TUS,936,4,16,0,NA,0
2011,4,18,1,1902,2252,CO,658,N23707,170,146,-4,2,IAH,DCA,1208,4,20,0,NA,0
2011,11,22,2,2053,2236,XE,4674,N11184,103,80,27,33,IAH,BNA,657,8,15,0,NA,0
2011,4,17,7,926,1046,WN,1695,N909WN,140,127,56,66,HOU,DEN,883,5,8,0,NA,0
2011,1,13,4,1151,1342,WN,680,N330SW,111,97,17,16,HOU,BNA,670,5,9,0,NA,0
2011,1,13,4,2106,2209,CO,1423,N12216,63,45,-2,1,IAH,MSY,305,4,14,0,NA,0
2011,5,22,7,1131,1345,OO,1191,N738SK,194,168,13,1,IAH,SLC,1195,4,22,0,NA,0
2011,7,27,3,1241,1422,XE,2881,N12166,101,89,-12,-1,IAH,BNA,657,5,7,0,NA,0
2011,1,8,6,1008,1118,XE,3119,N12921,70,56,-11,-7,IAH,MOB,427,6,8,0,NA,0
2011,8,15,1,2041,2357,CO,1830,N33262,136,118,83,101,IAH,PBI,956,3,15,0,NA,0
2011,6,10,5,1827,1909,WN,43,N332SW,42,31,-11,-3,HOU,CRP,187,4,7,0,NA,0
2011,4,29,5,2052,2230,OO,1172,N791SK,218,199,-10,2,IAH,BFL,1428,5,14,0,NA,0
2011,1,3,1,2135,2337,WN,165,N232WN,242,230,42,60,HOU,OAK,1642,5,7,0,NA,0
2011,5,30,1,1145,1228,CO,1620,N30401,163,144,-1,5,IAH,PHX,1009,7,12,0,NA,0
2011,3,30,3,2116,2251,CO,195,N27205,215,184,1,6,IAH,LAX,1379,12,19,0,NA,0
2011,12,12,1,1429,1849,CO,62,N26123,200,176,-14,-1,IAH,EWR,1400,14,10,0,NA,0
2011,3,23,3,802,935,XE,3040,N18982,93,74,-6,-5,IAH,BHM,562,3,16,0,NA,0
2011,8,15,1,1035,1136,WN,1707,N445WN,61,49,-4,0,HOU,MSY,302,4,8,0,NA,0
2011,7,27,3,721,908,WN,629,N252WN,107,94,-7,1,HOU,BNA,670,6,7,0,NA,0
2011,8,18,4,1047,1358,CO,1656,N27610,131,106,-7,-3,IAH,TPA,787,5,20,0,NA,0
2011,4,27,3,745,901,WN,171,N392SW,76,66,1,0,HOU,OKC,419,3,7,0,NA,0
2011,2,20,7,1530,2000,B6,624,N190JB,210,186,0,-5,HOU,JFK,1428,7,17,0,NA,0
2011,6,21,2,1442,1926,CO,62,N41135,224,197,13,14,IAH,EWR,1400,13,14,0,NA,0
2011,5,27,5,801,856,WN,8,N262WN,55,44,-4,1,HOU,DAL,239,4,7,0,NA,0
2011,11,13,7,1334,1652,CO,1151,N78438,138,112,6,4,IAH,MCO,854,10,16,0,NA,0
2011,1,6,4,1342,1640,XE,2472,N14180,118,95,-3,-3,IAH,JAX,817,6,17,0,NA,0
2011,5,13,5,1116,1304,OO,1132,N771SK,108,90,2,11,IAH,STL,668,4,14,0,NA,0
2011,9,15,4,1253,1643,CO,1197,N78509,170,154,-10,-4,IAH,BWI,1235,5,11,0,NA,0
2011,1,31,1,1442,1842,CO,158,N13750,180,142,7,-3,IAH,DCA,1208,4,34,0,NA,0
2011,2,28,1,845,1211,US,944,N531AU,146,113,5,0,IAH,CLT,913,9,24,0,NA,0
2011,4,10,7,2009,2327,XE,2288,N26141,138,108,10,4,IAH,DAY,929,5,25,0,NA,0
2011,11,6,7,1600,1715,CO,1638,N16617,135,116,-21,0,IAH,DEN,862,7,12,0,NA,0
2011,4,15,5,1309,1757,CO,482,N32404,228,191,2,4,IAH,BOS,1597,11,26,0,NA,0
2011,4,2,6,1002,1312,AA,2137,N3BYAA,130,111,-18,-8,IAH,MIA,964,10,9,0,NA,0
2011,12,22,4,2227,2329,XE,4586,N14930,62,47,60,67,IAH,HRL,295,4,11,0,NA,0
2011,12,19,1,1320,1623,WN,21,N335SW,123,112,8,15,HOU,MCO,849,5,6,0,NA,0
2011,3,5,6,1431,1529,XE,2003,N12552,58,30,29,16,IAH,AUS,140,5,23,0,NA,0
2011,12,27,2,1356,1812,US,1824,N952UW,196,178,51,46,IAH,PHL,1325,7,11,0,NA,0
2011,8,5,5,1027,1351,CO,1822,N77296,144,124,-14,2,IAH,FLL,965,4,16,0,NA,0
2011,7,27,3,1923,53,XE,2027,N21154,NA,NA,NA,3,IAH,GRR,1042,7,20,0,NA,1
2011,12,26,1,1904,2036,CO,1535,N87531,152,128,-11,4,IAH,DEN,862,6,18,0,NA,0
2011,12,11,7,1049,1239,CO,1522,N26210,230,208,22,19,IAH,LAX,1379,8,14,0,NA,0
2011,9,19,1,1732,1954,CO,1523,N14230,262,248,-4,2,IAH,SEA,1874,5,9,0,NA,0
2011,1,3,1,1538,1724,WN,457,N267WN,106,91,-1,8,HOU,STL,687,6,9,0,NA,0
2011,9,22,4,1041,1346,XE,2230,N11193,125,104,-12,-4,IAH,LEX,828,5,16,0,NA,0
2011,4,7,4,2126,2222,WN,854,N701GS,56,47,32,36,HOU,HRL,276,2,7,0,NA,0
2011,3,24,4,1429,1714,CO,746,N78509,165,122,8,-1,IAH,ORD,925,34,9,0,NA,0
2011,3,9,3,1854,2047,CO,1819,N17229,173,142,25,4,IAH,DEN,862,7,24,0,NA,0
2011,10,13,4,2113,2227,CO,1259,N38417,194,171,-2,-2,IAH,LAS,1222,10,13,0,NA,0
2011,11,2,3,601,728,EV,5234,N976EV,87,69,-11,-4,IAH,MEM,468,6,12,0,NA,0
2011,2,5,6,1903,2109,CO,1568,N14645,126,92,18,13,IAH,MCI,643,10,24,0,NA,0
2011,1,22,6,1426,1557,CO,599,N56859,151,133,2,2,IAH,DEN,862,6,12,0,NA,0
2011,6,28,2,726,840,XE,2259,N16927,74,48,1,-4,IAH,DFW,224,12,14,0,NA,0
2011,7,24,7,1628,1707,WN,1257,N612SW,39,27,2,8,HOU,AUS,148,4,8,0,NA,0
2011,11,29,2,1317,1446,XE,4315,N14960,89,66,7,7,IAH,TUL,429,3,20,0,NA,0
2011,10,6,4,1150,1240,XE,4402,N14930,50,38,-9,0,IAH,CRP,201,4,8,0,NA,0
2011,12,26,1,737,920,CO,1401,N34137,223,190,-10,2,IAH,LAX,1379,12,21,0,NA,0
2011,1,8,6,1924,2217,CO,755,N39297,113,86,-5,-1,IAH,ATL,689,10,17,0,NA,0
2011,7,17,7,852,1051,CO,1577,N75410,239,222,-13,2,IAH,PDX,1825,3,14,0,NA,0
2011,1,2,7,1529,1644,XE,2308,N13929,75,53,16,10,IAH,BRO,308,5,17,0,NA,0
2011,2,27,7,1540,1829,CO,606,N38727,109,90,0,15,IAH,TPA,787,5,14,0,NA,0
2011,7,28,4,1603,1646,XE,2755,N17115,103,87,43,48,IAH,ELP,667,4,12,0,NA,0
2011,7,14,4,1842,1950,MQ,2870,N662MQ,68,47,10,12,HOU,DFW,247,12,9,0,NA,0
2011,8,14,7,1057,1359,XE,2295,N11107,122,106,22,27,IAH,SAV,851,3,13,0,NA,0
2011,6,4,6,858,956,WN,434,N484WN,58,40,-4,-2,HOU,DAL,239,5,13,0,NA,0
2011,12,2,5,1032,1343,XE,4354,N12567,131,111,-8,-8,IAH,GSP,837,3,17,0,NA,0
2011,6,9,4,953,1058,WN,1167,N924WN,65,47,8,8,HOU,MSY,303,4,14,0,NA,0
2011,2,22,2,1146,1407,XE,2041,N13995,141,122,-11,-4,IAH,MKE,984,8,11,0,NA,0
2011,3,8,2,1725,1936,XE,2948,N13956,131,118,76,98,IAH,MKE,984,5,8,0,NA,0
2011,3,1,2,1429,1556,CO,599,N75853,147,124,-4,4,IAH,DEN,862,7,16,0,NA,0
2011,12,4,7,1319,1507,XE,4656,N14153,108,70,30,19,IAH,BHM,562,4,34,0,NA,0
2011,11,6,7,1552,2032,CO,1004,N33289,220,200,8,-3,IAH,LGA,1416,8,12,0,NA,0
2011,8,28,7,923,1014,CO,1211,N56859,171,151,-4,13,IAH,LAS,1222,8,12,0,NA,0
2011,6,5,7,1310,1530,XE,2593,N16546,140,112,22,5,IAH,OMA,781,7,21,0,NA,0
2011,7,19,2,1411,1501,WN,1860,N435WN,110,98,-4,6,HOU,ABQ,759,3,9,0,NA,0
2011,12,28,3,1033,1627,CO,1297,N75426,234,214,5,23,IAH,SJU,2007,4,16,0,NA,0
2011,1,17,1,1122,1321,CO,663,N17126,179,158,-1,-3,IAH,EGE,935,6,15,0,NA,0
2011,3,17,4,1013,1121,MQ,2958,N844MQ,68,54,-9,-7,HOU,DFW,247,4,10,0,NA,0
2011,5,31,2,1859,2014,OO,5842,N973SW,135,111,44,44,IAH,COS,809,6,18,0,NA,0
2011,12,4,7,950,1126,OO,5173,N790SK,216,200,-19,-5,IAH,BFL,1428,3,13,0,NA,0
2011,7,26,2,1438,1532,WN,34,N493WN,54,43,2,8,HOU,DAL,239,3,8,0,NA,0
2011,10,20,4,1944,2313,OO,5158,N713SK,149,137,-21,-1,IAH,ORF,1201,2,10,0,NA,0
2011,4,18,1,1914,2007,XE,2907,N16944,53,38,-11,-6,IAH,LFT,201,5,10,0,NA,0
2011,1,15,6,757,950,US,362,N316AW,173,149,-28,-8,IAH,PHX,1009,9,15,0,NA,0
2011,12,5,1,1439,1614,XE,4221,N14933,95,60,15,9,IAH,MEM,468,20,15,0,NA,0
2011,6,7,2,556,1022,CO,89,N39423,206,183,2,-4,IAH,EWR,1400,9,14,0,NA,0
2011,10,19,3,1940,2101,AA,657,N505AA,81,45,6,0,IAH,DFW,224,12,24,0,NA,0
2011,11,17,4,1247,1643,CO,1559,N39423,176,154,-1,17,IAH,PHL,1325,7,15,0,NA,0
2011,12,22,4,715,851,WN,3231,N504SW,96,83,-9,0,HOU,BNA,670,5,8,0,NA,0
2011,4,28,4,1355,1512,AA,1566,N438AA,77,50,2,-5,IAH,DFW,224,13,14,0,NA,0
2011,1,5,3,1837,1937,WN,46,N602SW,60,42,72,67,HOU,DAL,239,3,15,0,NA,0
2011,5,5,4,1927,2051,XE,2800,N17928,84,63,-7,-3,IAH,XNA,438,6,15,0,NA,0
2011,2,10,4,1807,1924,CO,397,N57869,197,170,-2,12,IAH,LAS,1222,7,20,0,NA,0
2011,8,11,4,2027,2059,CO,1732,N45440,152,133,152,162,IAH,PHX,1009,7,12,0,NA,0
2011,5,31,2,1257,1613,OO,1118,N794SK,136,114,1,-3,IAH,CVG,871,7,15,0,NA,0
2011,12,4,7,1538,1856,CO,1740,N76508,138,103,12,-2,IAH,TPA,787,8,27,0,NA,0
2011,9,19,1,1532,1631,XE,2308,N14940,59,47,-1,7,IAH,BRO,308,6,6,0,NA,0
2011,7,26,2,2125,2220,XE,2803,N16999,55,36,23,20,IAH,SHV,192,5,14,0,NA,0
2011,8,10,3,655,1003,DL,810,N917DE,128,98,-10,-5,IAH,ATL,689,13,17,0,NA,0
2011,7,20,3,1749,1848,XE,2212,N15926,59,40,0,-1,IAH,BTR,253,8,11,0,NA,0
2011,2,25,5,1857,2205,CO,1027,N17619,128,107,-21,-3,IAH,CLT,913,4,17,0,NA,0
2011,5,26,4,913,1039,OO,1142,N705SK,86,61,14,8,IAH,OKC,395,5,20,0,NA,0
2011,5,17,2,1309,1524,XE,2593,N12921,135,116,16,4,IAH,OMA,781,4,15,0,NA,0
2011,1,12,3,1006,1350,CO,1544,N27610,164,138,-11,-9,IAH,CLE,1091,9,17,0,NA,0
2011,3,29,2,2129,2212,WN,1565,N368SW,43,31,12,14,HOU,AUS,148,3,9,0,NA,0
2011,3,30,3,730,841,WN,1076,N521SW,131,117,-4,0,HOU,ABQ,759,4,10,0,NA,0
2011,5,22,7,1253,1430,XE,2844,N13913,97,73,2,-2,IAH,VPS,528,8,16,0,NA,0
2011,7,13,3,744,1039,XE,3083,N11107,175,148,15,-1,IAH,MKE,984,4,23,0,NA,0
2011,2,22,2,1851,1946,WN,50,N676SW,55,44,16,21,HOU,DAL,239,4,7,0,NA,0
2011,7,9,6,759,1222,CO,1549,N76054,203,183,0,9,IAH,EWR,1400,6,14,0,NA,0
2011,5,10,2,1054,1203,WN,662,N641SW,129,115,28,29,HOU,ABQ,759,3,11,0,NA,0
2011,8,23,2,1558,1719,FL,1595,N961AT,81,68,-2,13,HOU,BKG,490,4,9,0,NA,0
2011,2,8,2,1842,1933,WN,3681,N361SW,51,42,13,22,HOU,MSY,303,3,6,0,NA,0
2011,6,18,6,1314,1638,XE,2105,N17185,144,125,-6,-1,IAH,GRR,1042,4,15,0,NA,0
2011,8,16,2,1919,2014,XE,2481,N14930,55,36,-5,-1,IAH,CRP,201,5,14,0,NA,0
2011,12,22,4,1929,2106,XE,4584,N15948,97,79,-7,-1,IAH,HSV,595,3,15,0,NA,0
2011,4,13,3,853,1020,XE,2967,N14933,87,72,-12,-2,IAH,LBB,458,5,10,0,NA,0
2011,1,4,2,1442,1533,WN,34,N947WN,51,41,3,12,HOU,DAL,239,4,6,0,NA,0
2011,11,8,2,1818,2018,XE,4299,N14920,120,91,26,23,IAH,MCI,643,5,24,0,NA,0
2011,6,30,4,2106,2228,CO,442,N77295,82,64,-10,-4,IAH,TUL,429,3,15,0,NA,0
2011,4,19,2,1229,1400,WN,19,N315SW,91,77,0,4,HOU,ECP,570,3,11,0,NA,0
2011,12,31,6,NA,NA,MQ,3762,N530MQ,NA,NA,NA,NA,IAH,LAX,1379,NA,NA,1,B,0
2011,11,8,2,900,1000,WN,3,N956WN,60,48,0,0,HOU,HRL,277,2,10,0,NA,0
2011,2,11,5,858,1043,XE,2908,N14937,105,77,8,-1,IAH,AMA,519,6,22,0,NA,0
2011,11,16,3,927,1121,CO,1239,N75854,234,204,5,-3,IAH,LAX,1379,12,18,0,NA,0
2011,4,30,6,NA,NA,XE,2718,N13202,NA,NA,NA,NA,IAH,DTW,1076,NA,NA,1,A,0
2011,10,24,1,2047,2139,WN,1616,N647SW,52,42,4,12,HOU,HRL,277,2,8,0,NA,0
2011,2,23,3,2059,2252,CO,1459,N76516,233,196,22,9,IAH,SNA,1347,7,30,0,NA,0
2011,6,18,6,1253,1409,XE,2304,N14940,76,55,2,-2,IAH,GPT,376,7,14,0,NA,0
2011,1,1,6,1820,1921,MQ,2870,N682MQ,61,43,-14,-5,HOU,DFW,247,9,9,0,NA,0
2011,3,4,5,1759,2010,US,587,N305AW,191,169,2,-1,IAH,PHX,1009,7,15,0,NA,0
2011,12,29,4,1637,1728,WN,40,N641SW,51,41,28,37,HOU,DAL,239,4,6,0,NA,0
2011,8,11,4,1405,1452,WN,1191,N725SW,47,35,32,35,HOU,SAT,192,3,9,0,NA,0
2011,11,30,3,1315,1706,CO,1471,N24702,171,143,9,0,IAH,PIT,1117,5,23,0,NA,0
2011,12,14,3,926,1029,WN,14,N631SW,63,51,-1,-4,HOU,DAL,239,5,7,0,NA,0
2011,10,17,1,723,1110,EV,4895,N138EV,167,136,-4,-2,IAH,DTW,1075,8,23,0,NA,0
2011,6,23,4,1131,1232,CO,723,N76503,61,45,-6,1,IAH,MSY,305,5,11,0,NA,0
2011,9,8,4,1748,1849,CO,1204,N14629,61,35,1,-2,IAH,SAT,191,5,21,0,NA,0
2011,3,7,1,1806,1916,XE,3027,N14940,70,46,-2,-4,IAH,HRL,295,4,20,0,NA,0
2011,10,16,7,1648,1825,CO,1015,N33203,157,128,55,48,IAH,DEN,862,14,15,0,NA,0
2011,8,11,4,1042,1431,XE,2568,N11184,169,143,-6,-3,IAH,RIC,1157,5,21,0,NA,0
2011,3,24,4,629,722,WN,2,N511SW,53,42,-8,-1,HOU,DAL,239,4,7,0,NA,0
2011,3,21,1,1926,2344,CO,310,N76514,198,173,13,26,IAH,EWR,1400,6,19,0,NA,0
2011,5,12,4,937,1135,OO,1171,N750SK,238,211,5,-3,IAH,BFL,1428,3,24,0,NA,0
2011,2,11,5,1903,2151,CO,1506,N38403,108,86,-15,3,IAH,TPA,787,5,17,0,NA,0
2011,12,31,6,1839,2004,CO,1258,N16648,205,179,-18,3,IAH,ONT,1334,6,20,0,NA,0
2011,12,9,5,728,912,CO,1444,N76514,164,124,7,3,IAH,DEN,862,10,30,0,NA,0
2011,4,21,4,1614,1808,WN,1296,N382SW,114,103,28,29,HOU,STL,687,4,7,0,NA,0
2011,5,16,1,1317,1646,XE,2841,N11535,149,127,7,-3,IAH,DAY,929,4,18,0,NA,0
2011,11,23,3,1434,1559,CO,1036,N38257,145,119,-1,4,IAH,DEN,862,5,21,0,NA,0
2011,11,29,2,1603,2013,CO,1171,N38727,190,146,13,-2,IAH,DCA,1208,4,40,0,NA,0
2011,7,21,4,1152,1308,WN,770,N522SW,136,116,-7,2,HOU,DEN,883,9,11,0,NA,0
2011,7,3,7,1627,1753,XE,2705,N13903,86,66,8,-1,IAH,GPT,376,5,15,0,NA,0
2011,7,28,4,630,939,FL,290,N126AT,129,107,6,0,HOU,ATL,696,6,16,0,NA,0
2011,11,11,5,1712,2112,CO,1531,N37298,180,159,2,1,IAH,BWI,1235,7,14,0,NA,0
2011,10,9,7,1910,2132,WN,963,N927WN,142,122,22,25,HOU,MDW,937,4,16,0,NA,0
2011,3,17,4,1328,1644,CO,786,N74856,136,114,0,-2,IAH,MCO,853,6,16,0,NA,0
2011,5,26,4,1332,1638,CO,1562,N76504,126,109,1,2,IAH,RSW,861,5,12,0,NA,0
2011,8,4,4,1004,1353,XE,2344,N14960,169,136,8,-1,IAH,CMH,986,20,13,0,NA,0
2011,8,18,4,2050,2200,WN,3309,N211WN,70,56,0,10,HOU,JAN,359,4,10,0,NA,0
2011,5,31,2,934,1024,XE,2559,N14991,50,36,-10,-6,IAH,LFT,201,4,10,0,NA,0
2011,11,16,3,1926,2028,WN,285,N614SW,122,114,3,16,HOU,ABQ,759,2,6,0,NA,0
2011,12,7,3,1217,1318,WN,1145,N406WN,61,45,8,7,HOU,MSY,302,4,12,0,NA,0
2011,12,8,4,1730,1853,OO,5238,N986SW,143,117,-5,-5,IAH,COS,809,7,19,0,NA,0
2011,1,2,7,1136,1452,XE,2059,N12142,136,120,-2,6,IAH,RDU,1043,4,12,0,NA,0
2011,7,25,1,847,1103,WN,3318,N952WN,136,125,-17,-3,HOU,MDW,937,4,7,0,NA,0
2011,7,18,1,1434,1538,WN,618,N752SW,184,172,23,44,HOU,LAX,1390,6,6,0,NA,0
2011,11,21,1,728,1209,CO,1165,N33714,221,199,-6,-2,IAH,BOS,1597,10,12,0,NA,0
2011,12,13,2,928,1025,WN,14,N637SW,57,44,-5,-2,HOU,DAL,239,4,9,0,NA,0
2011,5,4,3,1047,1136,WN,11,N643SW,49,36,-9,-3,HOU,SAT,192,3,10,0,NA,0
2011,11,11,5,757,931,XE,4654,N14942,94,76,26,27,IAH,BHM,562,4,14,0,NA,0
2011,12,11,7,1726,1840,OO,5159,N738SK,134,117,-7,-4,IAH,ABQ,744,5,12,0,NA,0
2011,9,27,2,621,719,WN,1839,N630WN,58,44,-6,-4,HOU,MSY,302,3,11,0,NA,0
2011,10,11,2,1913,2159,XE,4237,N41104,106,93,-23,-7,IAH,JAX,817,5,8,0,NA,0
2011,2,9,3,1227,1328,WN,24,N910WN,61,43,28,27,HOU,DAL,239,3,15,0,NA,0
2011,12,31,6,NA,NA,XE,4328,N14942,NA,NA,NA,NA,IAH,HRL,295,NA,NA,1,B,0
2011,4,16,6,1225,1455,OO,5823,N506CA,150,128,70,60,IAH,MKE,984,4,18,0,NA,0
2011,10,2,7,1136,1257,CO,1629,N14731,201,178,-18,-4,IAH,SNA,1346,13,10,0,NA,0
2011,9,2,5,932,1314,US,1220,N441US,162,133,53,40,IAH,CLT,912,10,19,0,NA,0
2011,6,10,5,2120,2306,OO,1172,N793SK,226,193,-4,0,IAH,BFL,1428,4,29,0,NA,0
2011,6,27,1,1743,1935,XE,2598,N14977,112,91,3,8,IAH,MCI,643,5,16,0,NA,0
2011,10,20,4,1145,1242,XE,4392,N15932,57,35,4,0,IAH,LFT,201,4,18,0,NA,0
2011,1,14,5,958,1055,WN,297,N345SA,117,101,-10,-2,HOU,ELP,677,4,12,0,NA,0
2011,9,15,4,2036,2202,XE,2258,N17138,86,73,25,36,IAH,VPS,528,4,9,0,NA,0
2011,6,16,4,1801,1852,CO,1603,N17719,51,31,3,6,IAH,AUS,140,4,16,0,NA,0
2011,5,16,1,757,850,WN,8,N426WN,53,44,-10,-3,HOU,DAL,239,1,8,0,NA,0
2011,6,20,1,1534,1647,CO,1798,N17619,73,43,-8,-6,IAH,DFW,224,6,24,0,NA,0
2011,6,7,2,1959,2353,WN,49,N940WN,174,162,-2,4,HOU,BWI,1246,4,8,0,NA,0
2011,9,15,4,1122,1301,XE,4659,N14938,99,77,1,-3,IAH,AMA,517,12,10,0,NA,0
2011,12,25,7,1315,1429,CO,1097,N37281,194,174,-31,10,IAH,LAX,1379,7,13,0,NA,0
2011,1,15,6,740,1135,CO,544,N16649,175,151,7,-5,IAH,CLE,1091,8,16,0,NA,0
2011,4,13,3,916,1038,OO,1160,N786SK,142,122,3,-4,IAH,COS,809,4,16,0,NA,0
2011,8,31,3,1803,1941,CO,1249,N73291,218,201,-34,-2,IAH,SJC,1608,3,14,0,NA,0
2011,8,21,7,2213,215,CO,1258,N57439,182,166,157,193,IAH,EWR,1400,6,10,0,NA,0
2011,10,3,1,1503,1943,B6,622,N655JB,220,191,2,-2,HOU,JFK,1428,8,21,0,NA,0
2011,12,17,6,2115,2238,CO,1524,N16617,203,175,-23,0,IAH,ONT,1334,7,21,0,NA,0
2011,2,12,6,1411,1501,XE,2222,N14940,50,37,-15,-4,IAH,BTR,253,4,9,0,NA,0
2011,2,8,2,1543,1819,XE,2948,N16963,156,121,3,-2,IAH,MKE,984,5,30,0,NA,0
2011,3,10,4,1120,1218,XE,2501,N11150,118,95,-1,0,IAH,ELP,667,4,19,0,NA,0
2011,5,30,1,1739,1953,CO,667,N77431,254,240,2,14,IAH,SEA,1874,5,9,0,NA,0
2011,9,18,7,916,1118,CO,1248,N77261,242,221,3,1,IAH,SJC,1608,4,17,0,NA,0
2011,10,28,5,1417,1741,XE,4302,N13908,144,120,-6,-3,IAH,GSO,987,4,20,0,NA,0
2011,9,22,4,726,1051,CO,1614,N73283,145,121,2,-4,IAH,MCO,854,7,17,0,NA,0
2011,5,20,5,1432,1528,XE,2033,N12946,56,38,6,7,IAH,BTR,253,7,11,0,NA,0
2011,10,17,1,918,1034,XE,4591,N14937,76,54,0,-2,IAH,LRD,301,7,15,0,NA,0
2011,8,30,2,1514,2016,B6,622,N586JB,242,221,16,-1,HOU,JFK,1428,8,13,0,NA,0
2011,11,10,4,1833,2029,XE,4673,N16178,116,92,64,58,IAH,BNA,657,6,18,0,NA,0
2011,10,14,5,1914,2209,CO,1003,N38268,115,96,-6,4,IAH,TPA,787,6,13,0,NA,0
2011,6,22,3,1520,1632,WN,618,N285WN,192,180,77,90,HOU,LAX,1390,5,7,0,NA,0
2011,4,6,3,2108,2214,CO,511,N33209,66,49,-7,-2,IAH,MFE,316,4,13,0,NA,0
2011,8,19,5,1910,2056,WN,801,N708SW,226,212,1,15,HOU,OAK,1642,5,9,0,NA,0
2011,4,27,3,2109,2305,XE,2976,N14117,116,90,3,-1,IAH,MCI,643,8,18,0,NA,0
2011,6,17,5,2050,10,XE,2822,N41104,140,115,40,35,IAH,GSP,838,4,21,0,NA,0
2011,3,8,2,1043,1219,WN,1535,N456WN,216,202,-11,3,HOU,LAX,1390,5,9,0,NA,0
2011,5,19,4,715,1108,OO,1177,N786SK,173,150,6,-5,IAH,DTW,1076,6,17,0,NA,0
2011,3,1,2,700,757,WN,1875,N424WN,57,44,-3,0,HOU,MSY,303,4,9,0,NA,0
2011,6,18,6,1634,1932,XE,2496,N14904,118,102,-17,1,IAH,SDF,788,4,12,0,NA,0
2011,5,8,7,2115,2259,XE,2493,N27200,104,79,12,5,IAH,ICT,542,4,21,0,NA,0
2011,11,25,5,1149,1236,CO,1272,N73270,47,28,-17,-1,IAH,AUS,140,6,13,0,NA,0
2011,10,9,7,1930,2047,WN,1592,N291WN,137,123,57,65,HOU,DEN,883,6,8,0,NA,0
2011,1,4,2,748,1044,XE,2470,N16151,176,136,4,-2,IAH,MSP,1034,9,31,0,NA,0
2011,9,7,3,752,858,OO,5833,N925SW,66,40,9,0,IAH,DAL,216,4,22,0,NA,0
2011,4,1,5,1131,1244,XE,2996,N14933,73,56,73,81,IAH,LIT,374,5,12,0,NA,0
2011,3,21,1,553,905,AA,2185,N3DBAA,132,113,-10,-7,IAH,MIA,964,6,13,0,NA,0
2011,1,18,2,1935,2051,XE,2954,N12922,76,57,-9,-5,IAH,MOB,427,6,13,0,NA,0
2011,1,16,7,851,1010,WN,53,N260WN,199,186,-35,1,HOU,LAX,1390,5,8,0,NA,0
2011,10,5,3,1701,2058,CO,1638,N87531,177,159,0,1,IAH,BWI,1235,6,12,0,NA,0
2011,9,20,2,1541,1652,WN,950,N277WN,191,178,-3,-4,HOU,SAN,1313,2,11,0,NA,0
2011,12,23,5,1527,1625,XE,4231,N11194,58,38,15,27,IAH,DFW,224,8,12,0,NA,0
2011,5,4,3,1252,1604,XE,2396,N18114,132,109,-10,2,IAH,CLT,913,4,19,0,NA,0
2011,10,4,2,832,917,WN,2200,N726SW,45,28,-3,-3,HOU,AUS,148,5,12,0,NA,0
2011,1,3,1,1957,2120,XE,2972,N13538,83,64,2,12,IAH,TUL,429,4,15,0,NA,0
2011,4,6,3,1301,1543,OO,1198,N750SK,162,138,1,-4,IAH,MSP,1034,7,17,0,NA,0
2011,2,2,3,1529,1628,XE,2809,N13929,59,43,-8,-8,IAH,CRP,201,4,12,0,NA,0
2011,11,20,7,1904,1957,WN,2176,N730SW,53,38,-3,4,HOU,DAL,239,8,7,0,NA,0
2011,5,28,6,1913,2258,CO,1417,N27610,165,140,-11,-2,IAH,PIT,1117,8,17,0,NA,0
2011,8,21,7,1535,1627,XE,3084,N12934,52,38,-7,0,IAH,CRP,201,3,11,0,NA,0
2011,11,20,7,1229,1354,WN,1895,N325SW,85,77,-6,-1,HOU,ECP,571,2,6,0,NA,0
2011,4,4,1,1033,1236,WN,228,N712SW,243,227,21,38,HOU,OAK,1642,6,10,0,NA,0
2011,10,31,1,1921,2240,XE,4314,N17159,139,104,7,-4,IAH,GSP,837,3,32,0,NA,0
2011,9,9,5,1002,1124,XE,2434,N13988,82,67,-8,-3,IAH,PNS,489,3,12,0,NA,0
2011,11,26,6,1957,2122,WN,3977,N743SW,85,75,142,147,HOU,ECP,571,3,7,0,NA,0
2011,4,29,5,1444,1723,CO,767,N37427,279,248,14,4,IAH,SEA,1874,5,26,0,NA,0
2011,5,6,5,1403,1715,XE,2763,N12142,132,119,1,13,IAH,PBI,956,3,10,0,NA,0
2011,11,17,4,901,954,WN,2644,N353SW,113,98,-6,1,HOU,ELP,677,3,12,0,NA,0
2011,4,10,7,1435,1754,OO,5814,N593ML,139,119,26,25,IAH,CLT,913,5,15,0,NA,0
2011,11,8,2,1446,1919,UA,552,N476UA,213,162,79,44,IAH,IAD,1190,9,42,0,NA,0
2011,1,8,6,921,1210,DL,1590,N770NC,109,86,-18,-8,IAH,ATL,689,7,16,0,NA,0
2011,11,1,2,750,1131,XE,4253,N13133,161,130,3,-5,IAH,PBI,956,3,28,0,NA,0
2011,2,13,7,1157,1542,US,1992,N574US,165,131,17,-8,IAH,CLT,913,6,28,0,NA,0
2011,8,1,1,1447,1905,CO,1424,N24715,198,178,12,2,IAH,DCA,1208,4,16,0,NA,0
2011,11,2,3,508,832,US,1616,N439US,144,119,-8,-7,IAH,CLT,912,9,16,0,NA,0
2011,8,26,5,658,756,WN,4,N740SW,58,42,1,-2,HOU,DAL,239,6,10,0,NA,0
2011,5,30,1,921,1213,OO,5828,N471CA,112,96,-12,4,IAH,ATL,689,4,12,0,NA,0
2011,12,27,2,1402,1720,XE,4607,N14920,138,124,5,-3,IAH,SDF,788,5,9,0,NA,0
2011,6,26,7,2111,2246,XE,2493,N16147,95,77,-7,-4,IAH,ICT,542,5,13,0,NA,0
2011,3,18,5,1902,1958,WN,52,N487WN,56,42,-2,2,HOU,DAL,239,3,11,0,NA,0
2011,2,1,2,844,1010,CO,799,N75851,146,117,-17,-1,IAH,DEN,862,12,17,0,NA,0
2011,8,15,1,2107,14,OO,5843,N954SW,127,101,7,-3,IAH,ATL,689,6,20,0,NA,0
2011,4,13,3,1445,1540,WN,464,N251WN,55,44,-5,5,HOU,MSY,303,4,7,0,NA,0
2011,1,31,1,1903,2228,CO,1417,N46625,145,126,-32,-2,IAH,PIT,1117,6,13,0,NA,0
2011,12,6,2,1332,1710,AA,1496,N3CJAA,158,111,20,7,IAH,MIA,964,9,38,0,NA,0
2011,11,11,5,845,1008,XE,4292,N14945,83,70,-15,-5,IAH,LBB,458,5,8,0,NA,0
2011,6,16,4,1914,2020,CO,423,N76254,66,46,-4,-1,IAH,MSY,305,3,17,0,NA,0
2011,6,18,6,1246,1358,CO,1605,N75858,192,170,48,56,IAH,LAX,1379,10,12,0,NA,0
2011,4,19,2,2003,2146,XE,2938,N16178,103,83,2,-7,IAH,HSV,595,8,12,0,NA,0
2011,6,15,3,2115,2214,CO,399,N17627,119,92,3,-5,IAH,ELP,667,3,24,0,NA,0
2011,8,23,2,2107,2227,OO,5844,N465SW,80,61,-8,-8,IAH,MAF,429,4,15,0,NA,0
2011,12,12,1,556,724,F9,143,N919FR,148,128,-3,-9,HOU,DEN,883,10,10,0,NA,0
2011,6,25,6,1028,1356,XE,2340,N14952,148,130,12,3,IAH,SDF,788,5,13,0,NA,0
2011,8,4,4,1540,1702,FL,1595,N985AT,82,71,-19,-5,HOU,BKG,490,3,8,0,NA,0
2011,10,28,5,856,1322,CO,1104,N32626,206,174,-8,1,IAH,EWR,1400,11,21,0,NA,0
2011,8,2,2,1700,1753,WN,44,N521SW,53,40,-7,0,HOU,DAL,239,5,8,0,NA,0
2011,4,20,3,1101,1418,WN,1164,N316SW,137,125,-2,1,HOU,CHS,928,4,8,0,NA,0
2011,12,22,4,1839,2210,XE,4108,N27190,151,118,80,49,IAH,ATL,689,11,22,0,NA,0
2011,10,24,1,1004,1136,XE,4234,N13929,92,70,2,-1,IAH,MEM,468,4,18,0,NA,0
2011,2,25,5,1915,2253,XE,2171,N13202,158,137,-17,-5,IAH,ORF,1201,5,16,0,NA,0
2011,2,1,2,1616,1749,EV,5229,N858AS,93,59,-8,-4,IAH,MEM,469,11,23,0,NA,0
2011,6,11,6,2056,2121,OO,1108,N710SK,145,128,18,6,IAH,TUS,936,5,12,0,NA,0
2011,10,27,4,1553,1629,US,409,N672AW,156,140,42,53,IAH,PHX,1009,3,13,0,NA,0
2011,7,10,7,1743,1829,XE,2755,N16147,106,91,146,148,IAH,ELP,667,6,9,0,NA,0
2011,10,22,6,1036,1336,XE,4499,N16919,120,100,-9,-9,IAH,TYS,771,4,16,0,NA,0
2011,5,18,3,1749,1849,XE,2212,N15926,60,39,1,-1,IAH,BTR,253,11,10,0,NA,0
2011,11,10,4,610,733,EV,5180,N868AS,83,68,-19,-7,IAH,MEM,468,4,11,0,NA,0
2011,10,30,7,1635,1856,WN,1659,N525SW,141,123,11,15,HOU,MDW,937,8,10,0,NA,0
2011,9,12,1,1819,1938,WN,417,N287WN,139,126,-2,9,HOU,DEN,883,6,7,0,NA,0
2011,2,28,1,1546,1707,F9,376,N932FR,141,129,-3,-3,HOU,DEN,883,4,8,0,NA,0
2011,10,10,1,1301,1418,UA,737,N528UA,137,110,-4,1,IAH,DEN,862,10,17,0,NA,0
2011,12,14,3,711,846,XE,4232,N16944,95,69,-3,-4,IAH,MEM,468,8,18,0,NA,0
2011,1,2,7,1758,1913,XE,2176,N18120,135,111,5,8,IAH,ABQ,744,5,19,0,NA,0
2011,5,28,6,857,1038,XE,2399,N14180,161,138,-2,-3,IAH,GJT,978,4,19,0,NA,0
2011,7,31,7,2106,2202,XE,2131,N12142,56,36,-17,-9,IAH,CRP,201,5,15,0,NA,0
2011,8,27,6,2108,2231,CO,1277,N57852,143,113,16,13,IAH,DEN,862,7,23,0,NA,0
2011,9,30,5,1203,1320,CO,1629,N13750,197,175,-13,8,IAH,SNA,1346,8,14,0,NA,0
2011,2,16,3,838,1201,US,944,N531AU,143,123,-5,-7,IAH,CLT,913,7,13,0,NA,0
2011,7,24,7,1125,1529,UA,995,N815UA,184,161,-6,-5,IAH,IAD,1190,7,16,0,NA,0
2011,9,6,2,1911,2225,CO,1190,N76503,134,119,-7,1,IAH,FLL,965,4,11,0,NA,0
2011,11,1,2,1847,2216,CO,1528,N14228,149,137,-18,-8,IAH,CLE,1091,4,8,0,NA,0
2011,1,10,1,2259,2359,XE,2450,N14972,60,41,1,-6,IAH,SAT,191,4,15,0,NA,0
2011,1,21,5,1352,1717,XE,3078,N11192,145,126,-13,-3,IAH,RIC,1157,6,13,0,NA,0
2011,12,24,6,1100,1507,CO,1196,N24633,187,166,-37,-10,IAH,LGA,1416,5,16,0,NA,0
2011,11,2,3,1913,2256,CO,1730,N62631,163,134,-17,-10,IAH,PIT,1117,9,20,0,NA,0
2011,2,4,5,NA,NA,XE,2025,NA,NA,NA,NA,NA,IAH,ABQ,744,NA,NA,1,B,0
2011,7,7,4,737,838,AA,1393,N554AA,61,41,-12,-3,IAH,DFW,224,8,12,0,NA,0
2011,11,29,2,1625,1817,WN,1050,N333SW,112,96,22,30,HOU,STL,687,4,12,0,NA,0
2011,11,15,2,1253,1418,XE,4191,N26549,85,59,8,1,IAH,MOB,427,5,21,0,NA,0
2011,4,15,5,1932,2138,XE,2651,N17159,126,101,41,27,IAH,MCI,643,4,21,0,NA,0
2011,12,18,7,1830,2147,XE,4634,N18556,137,118,-3,1,IAH,CLT,912,5,14,0,NA,0
2011,9,18,7,1052,1409,DL,1556,N902DE,137,93,12,-4,IAH,ATL,689,12,32,0,NA,0
2011,11,29,2,1642,1759,XE,4452,N14945,77,53,-1,-3,IAH,GPT,376,5,19,0,NA,0
2011,9,20,2,1254,1445,WN,2112,N440LV,231,219,-5,4,HOU,OAK,1642,6,6,0,NA,0
2011,8,11,4,1624,1741,XE,2705,N12967,77,57,-2,-4,IAH,GPT,376,4,16,0,NA,0
2011,12,10,6,2001,2047,WN,3680,N772SW,46,36,-23,1,HOU,DAL,239,3,7,0,NA,0
2011,2,11,5,1150,1329,CO,499,N57439,159,130,4,0,IAH,DEN,862,6,23,0,NA,0
2011,11,20,7,1047,1352,XE,4572,N31131,125,107,12,22,IAH,CVG,871,5,13,0,NA,0
2011,1,16,7,1744,1834,WN,46,N942WN,50,41,4,14,HOU,DAL,239,2,7,0,NA,0
2011,1,31,1,1254,1509,XE,2593,N33182,135,103,5,-1,IAH,OMA,781,16,16,0,NA,0
2011,4,7,4,729,829,WN,6,N712SW,60,45,-1,-1,HOU,DAL,239,5,10,0,NA,0
2011,11,13,7,1035,1220,CO,1522,N77258,225,193,3,5,IAH,LAX,1379,12,20,0,NA,0
2011,10,19,3,1840,2134,FL,296,N953AT,114,97,4,3,HOU,ATL,696,8,9,0,NA,0
2011,4,27,3,1926,2025,CO,1441,N72405,59,28,8,1,IAH,AUS,140,4,27,0,NA,0
2011,9,27,2,1311,1458,WN,2112,N497WN,227,211,8,21,HOU,OAK,1642,5,11,0,NA,0
2011,2,18,5,940,1245,OO,5800,N652BR,125,101,66,55,IAH,ATL,689,8,16,0,NA,0
2011,12,21,3,610,743,EV,5180,N681BR,93,64,-10,-5,IAH,MEM,468,5,24,0,NA,0
2011,10,31,1,851,1209,US,846,N441US,138,117,-7,0,IAH,CLT,912,5,16,0,NA,0
2011,4,27,3,709,812,AA,2237,N492AA,63,43,-13,-6,IAH,DFW,224,10,10,0,NA,0
2011,12,14,3,2016,2112,WN,207,N929WN,56,44,32,36,HOU,SAT,192,3,9,0,NA,0
2011,8,1,1,1235,1326,XE,2407,N14945,51,37,15,20,IAH,LFT,201,3,11,0,NA,0
2011,6,28,2,1728,1845,WN,125,N772SW,77,60,10,8,HOU,OKC,419,5,12,0,NA,0
2011,12,9,5,2052,2213,WN,1288,N506SW,81,71,3,12,HOU,BHM,570,2,8,0,NA,0
2011,3,16,3,2011,2353,CO,1488,N26215,162,137,44,51,IAH,DTW,1076,9,16,0,NA,0
2011,4,21,4,1125,1305,XE,3152,N14916,100,78,7,0,IAH,AMA,519,7,15,0,NA,0
2011,9,23,5,1011,1528,CO,1166,N39416,257,239,0,-4,IAH,SJU,2007,6,12,0,NA,0
2011,10,31,1,1259,1435,XE,4341,N14938,96,81,3,4,IAH,BHM,562,4,11,0,NA,0
2011,10,28,5,851,1110,XE,4598,N18556,139,121,42,61,IAH,MKE,984,4,14,0,NA,0
2011,10,15,6,1118,1251,XE,4418,N14942,93,67,-1,-7,IAH,LBB,458,6,20,0,NA,0
2011,11,6,7,855,1001,WN,1552,N776WN,126,107,-9,0,HOU,ABQ,759,4,15,0,NA,0
2011,7,3,7,1554,1700,XE,2936,N17108,66,34,6,-1,IAH,AEX,190,3,29,0,NA,0
2011,3,3,4,1126,1250,OO,1177,N789SK,144,120,110,106,IAH,COS,809,5,19,0,NA,0
2011,5,21,6,1722,1926,WN,1965,N935WN,244,233,81,92,HOU,OAK,1642,4,7,0,NA,0
2011,2,18,5,927,1145,CO,542,N79402,198,170,-1,2,IAH,SLC,1195,3,25,0,NA,0
2011,4,26,2,1916,2031,XE,2954,N12922,75,57,-8,-4,IAH,MOB,427,4,14,0,NA,0
2011,9,8,4,1147,1415,CO,1483,N33292,268,246,0,2,IAH,SEA,1874,9,13,0,NA,0
2011,11,23,3,1310,1454,XE,4144,N14937,104,71,12,0,IAH,MEM,468,8,25,0,NA,0
2011,4,15,5,1732,2032,CO,709,N73259,300,276,38,2,IAH,PDX,1825,6,18,0,NA,0
2011,7,15,5,1928,2043,XE,2830,N13936,75,58,-7,-7,IAH,JAN,351,5,12,0,NA,0
2011,1,10,1,1408,1542,WN,23,N293WN,94,83,27,43,HOU,BNA,670,5,6,0,NA,0
2011,2,4,5,NA,NA,XE,2908,NA,NA,NA,NA,NA,IAH,AMA,519,NA,NA,1,B,0
2011,9,16,5,1923,2013,XE,2418,N13929,50,27,3,3,IAH,LCH,127,5,18,0,NA,0
2011,5,16,1,1914,2221,XE,2782,N14937,127,106,6,-1,IAH,TYS,772,4,17,0,NA,0
2011,10,30,7,1049,1347,CO,1656,N16217,118,95,-8,-1,IAH,TPA,787,6,17,0,NA,0
2011,1,18,2,1612,1751,EV,5229,N823AS,99,72,-6,-8,IAH,MEM,469,6,21,0,NA,0
2011,7,22,5,1002,1014,OO,1142,N779SK,132,116,49,57,IAH,TUS,936,6,10,0,NA,0
2011,4,20,3,1658,1742,WN,511,N779SW,44,32,2,3,HOU,AUS,148,5,7,0,NA,0
2011,6,2,4,1633,1739,AA,1925,N479AA,66,43,-1,3,IAH,DFW,224,3,20,0,NA,0
2011,11,18,5,1903,2026,F9,147,N209FR,143,128,-19,-15,HOU,DEN,883,8,7,0,NA,0
2011,7,28,4,558,712,UA,415,N442UA,134,112,-16,-2,IAH,DEN,862,9,13,0,NA,0
2011,11,30,3,1151,1310,WN,1212,N948WN,199,188,0,11,HOU,SAN,1313,4,7,0,NA,0
2011,8,25,4,1426,1524,AA,742,N486AA,58,41,-11,6,IAH,DFW,224,5,12,0,NA,0
2011,9,1,4,1846,2232,XE,2316,N13118,166,151,-2,-4,IAH,RIC,1157,6,9,0,NA,0
2011,9,17,6,1534,1656,XE,2444,N33182,142,96,54,19,IAH,ELP,667,4,42,0,NA,0
2011,1,17,1,1224,1544,CO,1427,N11641,140,119,-11,-5,IAH,CLT,913,6,15,0,NA,0
2011,8,31,3,1315,1628,XE,3036,N17984,133,109,-9,-10,IAH,SDF,788,8,16,0,NA,0
2011,4,2,6,1420,1538,OO,5810,N471CA,138,117,4,0,IAH,COS,809,6,15,0,NA,0
2011,6,16,4,1528,1824,CO,1497,N24633,116,98,-20,-2,IAH,ATL,689,8,10,0,NA,0
2011,10,28,5,1919,2048,XE,4698,N14947,89,66,-5,4,IAH,VPS,528,7,16,0,NA,0
2011,2,9,3,921,1240,CO,1873,N37408,139,105,12,11,IAH,MCO,853,9,25,0,NA,0
2011,12,2,5,1658,1756,WN,44,N657SW,58,48,-4,-2,HOU,DAL,239,3,7,0,NA,0
2011,7,16,6,2049,2217,CO,1525,N18622,88,63,-2,-6,IAH,TUL,429,3,22,0,NA,0
2011,1,10,1,753,1208,CO,332,N76265,195,165,-5,8,IAH,LGA,1416,7,23,0,NA,0
2011,3,4,5,2121,2230,XE,2009,N14942,69,50,-7,-4,IAH,BTR,253,4,15,0,NA,0
2011,4,27,3,1035,1137,WN,703,N658SW,62,48,2,0,HOU,MSY,303,2,12,0,NA,0
2011,2,21,1,1029,1450,CO,432,N24633,201,170,-28,-6,IAH,LGA,1416,7,24,0,NA,0
2011,2,15,2,1326,1433,WN,2085,N766SW,67,54,3,1,HOU,JAN,359,4,9,0,NA,0
2011,11,29,2,1313,1652,CO,1276,N76523,159,132,-3,-2,IAH,CLE,1091,8,19,0,NA,0
2011,12,1,4,1455,1603,WN,988,N933WN,68,54,28,30,HOU,JAN,359,4,10,0,NA,0
2011,9,14,3,801,920,XE,2461,N17928,79,62,-2,-4,IAH,JAN,351,6,11,0,NA,0
2011,11,3,4,1734,1822,WN,2189,N423WN,48,34,27,34,HOU,SAT,192,5,9,0,NA,0
2011,10,20,4,2006,2145,XE,4336,N11547,99,77,6,1,IAH,BHM,562,5,17,0,NA,0
2011,1,15,6,1544,1815,XE,2948,N14974,151,132,4,-1,IAH,MKE,984,5,14,0,NA,0
2011,5,7,6,1306,1701,CO,1888,N76519,175,149,11,1,IAH,DTW,1076,5,21,0,NA,0
2011,1,2,7,731,928,WN,2830,N494WN,237,211,48,36,HOU,LAX,1390,16,10,0,NA,0
2011,4,2,6,2116,2335,CO,1837,N38424,139,120,-5,1,IAH,ORD,925,4,15,0,NA,0
2011,5,16,1,1954,2057,AA,426,N4XVAA,63,39,-18,-11,IAH,DFW,224,8,16,0,NA,0
2011,2,3,4,1041,1255,CO,1646,N38403,134,108,-8,11,IAH,ORD,925,6,20,0,NA,0
2011,3,25,5,935,1239,WN,5,N513SW,124,109,-6,0,HOU,MCO,848,9,6,0,NA,0
2011,3,29,2,1536,1630,CO,35,N13750,54,35,-2,1,IAH,AUS,140,4,15,0,NA,0
2011,12,4,7,946,1056,XE,6105,N23139,130,112,-41,-11,IAH,DEN,862,8,10,0,NA,0
2011,10,3,1,1605,1918,XE,4356,N17146,133,103,13,0,IAH,TYS,771,4,26,0,NA,0
2011,2,26,6,1307,1636,CO,744,N77525,149,128,-12,-3,IAH,CLE,1091,7,14,0,NA,0
2011,7,7,4,1739,2111,XE,2044,N11107,152,132,7,9,IAH,CLT,912,9,11,0,NA,0
2011,11,15,2,2311,12,CO,1247,N78509,61,38,118,121,IAH,SAT,191,9,14,0,NA,0
2011,10,27,4,1716,1804,WN,44,N252WN,48,40,4,16,HOU,DAL,239,3,5,0,NA,0
2011,3,2,3,1412,1509,XE,2591,N14937,57,42,-7,-3,IAH,DAL,217,3,12,0,NA,0
2011,11,6,7,925,1221,OO,5224,N928SW,116,90,-9,0,IAH,ATL,689,6,20,0,NA,0
2011,10,17,1,2301,30,XE,4232,N12175,89,70,105,101,IAH,MAF,429,6,13,0,NA,0
2011,1,22,6,1248,1354,XE,2304,N14991,66,53,-4,-2,IAH,GPT,376,4,9,0,NA,0
2011,12,22,4,1422,1559,WN,1396,N607SW,97,87,24,42,HOU,STL,687,3,7,0,NA,0
2011,3,27,7,855,940,WN,12,N936WN,45,36,-20,-5,HOU,DAL,239,3,6,0,NA,0
2011,7,14,4,1902,2319,CO,1595,N24706,197,165,8,-3,IAH,DCA,1208,7,25,0,NA,0
2011,8,30,2,858,1019,XE,2216,N13994,81,62,-1,-2,IAH,OKC,395,4,15,0,NA,0
2011,12,18,7,1326,1619,DL,1675,N913DE,113,92,-11,-4,IAH,ATL,689,7,14,0,NA,0
2011,7,1,5,1828,2145,AA,1294,N3EEAA,137,119,0,23,IAH,MIA,964,7,11,0,NA,0
2011,7,18,1,1017,1159,MQ,2958,N802MQ,102,54,34,-3,HOU,DFW,247,8,40,0,NA,0
2011,10,8,6,926,1043,CO,1201,N14219,197,179,-12,-4,IAH,ONT,1334,4,14,0,NA,0
2011,4,1,5,1057,1418,XE,2520,N12996,141,121,4,-2,IAH,CVG,871,7,13,0,NA,0
2011,1,23,7,1545,2004,CO,632,N77258,199,166,-9,0,IAH,LGA,1416,5,28,0,NA,0
2011,12,8,4,1018,1344,XE,4515,N21154,146,123,-26,-7,IAH,RDU,1042,8,15,0,NA,0
2011,12,24,6,1621,1932,XE,4147,N14204,131,110,-6,-6,IAH,CHS,925,4,17,0,NA,0
2011,12,20,2,1603,1701,WN,1023,N711HK,58,47,11,13,HOU,MSY,302,4,7,0,NA,0
2011,4,23,6,813,1130,CO,586,N75861,137,117,30,28,IAH,MCO,853,7,13,0,NA,0
2011,12,31,6,1341,1520,WN,1442,N910WN,159,145,-10,6,HOU,PHX,1020,6,8,0,NA,0
2011,5,26,4,1240,1401,XE,2962,N14198,141,117,13,1,IAH,COS,809,9,15,0,NA,0
2011,9,5,1,2111,2303,OO,2055,N718SK,112,93,-4,-4,IAH,MCI,643,5,14,0,NA,0
2011,1,3,1,1919,2013,CO,479,N29717,54,38,-8,4,IAH,SAT,191,3,13,0,NA,0
2011,5,12,4,2155,2309,CO,297,N47414,194,165,163,170,IAH,LAS,1222,6,23,0,NA,0
2011,1,8,6,1246,1353,XE,2304,N19966,67,51,-5,-4,IAH,GPT,376,3,13,0,NA,0
2011,5,27,5,632,825,WN,2883,N703SW,113,103,0,2,HOU,STL,687,3,7,0,NA,0
2011,1,13,4,1009,1123,XE,3119,N13970,74,56,-11,-6,IAH,MOB,427,6,12,0,NA,0
2011,1,15,6,1951,2332,OO,7037,N754SK,161,139,34,44,IAH,IAD,1190,6,16,0,NA,0
2011,12,24,6,1126,1437,CO,1715,N33266,131,111,52,56,IAH,MCO,854,8,12,0,NA,0
2011,6,12,7,1204,1508,WN,3418,N749SW,124,110,-2,-1,HOU,TPA,781,7,7,0,NA,0
2011,3,25,5,2220,2319,WN,1040,N312SW,179,166,194,195,HOU,PHX,1020,6,7,0,NA,0
2011,7,3,7,721,904,XE,2573,N16987,103,89,-10,1,IAH,BNA,657,4,10,0,NA,0
2011,3,20,7,1530,1640,WN,741,N779SW,70,61,45,55,HOU,OKC,419,2,7,0,NA,0
2011,7,16,6,1030,1258,CO,1646,N21723,148,127,-8,0,IAH,ORD,925,7,14,0,NA,0
2011,3,25,5,1257,1505,XE,2593,N14972,128,113,-4,-3,IAH,OMA,781,4,11,0,NA,0
2011,5,2,1,2118,1,CO,467,N27213,283,257,24,13,IAH,SEA,1874,4,22,0,NA,0
2011,1,1,6,1139,1339,WN,2427,N775SW,180,156,9,4,HOU,PHX,1020,15,9,0,NA,0
2011,3,4,5,1430,1745,XE,2198,N11137,135,118,12,15,IAH,CRW,975,3,14,0,NA,0
2011,9,23,5,1010,1119,XE,2167,N17928,69,57,-1,5,IAH,LIT,374,4,8,0,NA,0
2011,10,20,4,1540,1648,XE,4569,N15932,68,51,34,35,IAH,LRD,301,3,14,0,NA,0
2011,6,15,3,1027,1422,CO,1544,N73299,175,151,21,14,IAH,CLE,1091,6,18,0,NA,0
2011,12,11,7,1758,1959,CO,1707,N37422,181,147,9,3,IAH,PHX,1009,13,21,0,NA,0
2011,11,14,1,1143,1428,CO,1718,N75425,165,117,5,-2,IAH,ORD,925,10,38,0,NA,0
2011,7,27,3,1308,1602,XE,3004,N13979,174,138,18,-2,IAH,MKE,984,4,32,0,NA,0
2011,4,4,1,851,1017,CO,1623,N16649,86,44,14,-4,IAH,MSY,305,4,38,0,NA,0
2011,2,22,2,1925,2218,XE,3050,N12166,113,98,-8,0,IAH,JAX,817,3,12,0,NA,0
2011,4,12,2,714,1037,XE,2240,N26141,143,128,-16,-6,IAH,RDU,1043,8,7,0,NA,0
2011,11,2,3,2149,2236,WN,1344,N648SW,47,35,-19,-1,HOU,SAT,192,4,8,0,NA,0
2011,4,16,6,728,923,XE,2026,N17984,115,95,0,-2,IAH,STL,668,4,16,0,NA,0
2011,4,3,7,754,1055,CO,706,N37252,121,102,-1,4,IAH,TPA,787,5,14,0,NA,0
2011,6,27,1,1249,1413,XE,2304,N13936,84,59,1,-6,IAH,GPT,376,4,21,0,NA,0
2011,11,2,3,1701,2043,CO,1075,N17730,162,142,-28,1,IAH,IAD,1190,10,10,0,NA,0
2011,8,9,2,730,1045,XE,2612,N21129,135,113,-14,-5,IAH,CVG,871,6,16,0,NA,0
2011,9,1,4,743,904,WN,583,N778SW,201,162,14,-2,HOU,LAS,1235,33,6,0,NA,0
2011,11,7,1,1644,1751,XE,4452,N14945,67,53,-9,-1,IAH,GPT,376,6,8,0,NA,0
2011,5,1,7,1505,1607,WN,2725,N452WN,62,44,42,40,HOU,HRL,276,2,16,0,NA,0
2011,8,13,6,1421,1506,WN,1265,N438WN,165,155,-24,1,HOU,LAS,1235,4,6,0,NA,0
2011,10,25,2,1250,1404,XE,4104,N17146,74,59,-6,0,IAH,MOB,427,4,11,0,NA,0
2011,3,22,2,2047,2250,WN,806,N525SW,123,110,-20,-3,HOU,MDW,937,5,8,0,NA,0
2011,7,19,2,1939,2340,XE,2171,N14162,181,159,43,39,IAH,ORF,1201,6,16,0,NA,0
2011,1,2,7,853,1013,XE,2792,N14993,80,66,-2,-2,IAH,TUL,429,3,11,0,NA,0
2011,12,7,3,805,1020,US,654,N604AW,195,153,1,-5,IAH,PHX,1009,3,39,0,NA,0
2011,1,2,7,1651,1758,XE,2705,N18557,67,52,15,21,IAH,GPT,376,4,11,0,NA,0
2011,2,10,4,1526,1616,XE,2884,N15948,50,39,-15,-4,IAH,DAL,217,4,7,0,NA,0
2011,4,29,5,1501,1557,WN,155,N763SW,56,40,27,26,HOU,SAT,192,3,13,0,NA,0
2011,6,24,5,836,1127,FL,298,N996AT,111,93,-18,-6,HOU,ATL,696,10,8,0,NA,0
2011,11,6,7,1705,1806,WN,1030,N467WN,61,50,26,30,HOU,MSY,302,4,7,0,NA,0
2011,4,17,7,1924,2315,CO,426,N16617,171,148,-24,-1,IAH,BWI,1235,6,17,0,NA,0
2011,11,12,6,1412,1512,XE,4683,N15932,60,43,-3,-3,IAH,BTR,253,7,10,0,NA,0
2011,2,9,3,1924,2050,XE,2830,N14937,86,52,20,9,IAH,JAN,351,6,28,0,NA,0
2011,1,31,1,759,908,XE,2879,N13929,69,40,2,-6,IAH,SAT,191,2,27,0,NA,0
2011,4,10,7,1436,1812,CO,1844,N73270,156,133,-8,1,IAH,CLE,1091,6,17,0,NA,0
2011,1,14,5,1557,1706,XE,2069,N14943,69,58,29,33,IAH,LRD,301,4,7,0,NA,0
2011,2,28,1,1638,1925,WN,35,N613SW,107,92,0,8,HOU,TPA,781,4,11,0,NA,0
2011,9,3,6,2100,2211,CO,1712,N75854,131,111,-3,5,IAH,DEN,862,5,15,0,NA,0
2011,6,30,4,1538,2027,CO,682,N37273,229,210,-2,3,IAH,BOS,1597,6,13,0,NA,0
2011,3,31,4,2110,2227,CO,597,N39416,197,169,-6,5,IAH,LAS,1222,8,20,0,NA,0
2011,6,21,2,831,958,CO,195,N73283,207,183,4,1,IAH,LAX,1379,10,14,0,NA,0
2011,12,5,1,1855,2233,CO,1192,N32404,158,111,19,5,IAH,FLL,965,3,44,0,NA,0
2011,2,27,7,2040,2215,XE,3101,N14940,95,71,126,120,IAH,MAF,429,7,17,0,NA,0
2011,1,12,3,1532,1953,B6,624,N504JB,201,177,-7,-3,HOU,JFK,1428,8,16,0,NA,0
2011,12,18,7,1656,1955,XE,4554,N13903,119,100,0,1,IAH,JAX,817,5,14,0,NA,0
2011,1,22,6,1554,1705,CO,1787,N16617,71,49,3,-1,IAH,DFW,224,5,17,0,NA,0
2011,12,28,3,1135,1509,CO,1085,N76517,154,130,76,85,IAH,CLE,1091,6,18,0,NA,0
2011,11,24,4,1257,1408,XE,4289,N25134,71,54,-14,-8,IAH,GPT,376,5,12,0,NA,0
2011,7,7,4,1942,2054,CO,47,N57852,192,169,13,32,IAH,LAX,1379,8,15,0,NA,0
2011,1,25,2,1747,2148,CO,1632,N15710,181,156,-12,4,IAH,LGA,1416,6,19,0,NA,0
2011,5,24,2,1909,2311,OO,1113,N710SK,182,155,14,9,IAH,IAD,1190,14,13,0,NA,0
2011,6,12,7,1655,1804,AA,2406,N4XAAA,69,41,-1,15,IAH,DFW,224,13,15,0,NA,0
2011,6,15,3,2110,2209,CO,1479,N73406,59,34,1,0,IAH,SAT,191,4,21,0,NA,0
2011,1,15,6,1901,2249,CO,1417,N14639,168,138,-6,-4,IAH,PIT,1117,10,20,0,NA,0
2011,11,8,2,1653,2025,CO,1089,N67058,152,107,73,58,IAH,MCO,854,10,35,0,NA,0
2011,11,9,3,1259,1411,XE,4289,N13935,72,54,-11,-6,IAH,GPT,376,4,14,0,NA,0
2011,6,12,7,1931,2050,WN,1863,N488WN,139,126,-10,6,HOU,DEN,883,7,6,0,NA,0
2011,9,16,5,1056,1254,XE,2225,N14953,118,95,2,1,IAH,STL,667,6,17,0,NA,0
2011,3,12,6,1930,2031,XE,2481,N17928,61,38,0,0,IAH,CRP,201,6,17,0,NA,0
2011,11,13,7,1854,2147,WN,871,N633SW,113,98,-3,-1,HOU,TPA,781,4,11,0,NA,0
2011,9,9,5,1856,2228,CO,1417,N29717,152,128,1,1,IAH,RDU,1042,10,14,0,NA,0
2011,5,3,2,749,928,CO,52,N19141,219,183,6,-1,IAH,LAX,1379,11,25,0,NA,0
2011,1,30,7,2025,2112,WN,480,N505SW,47,30,-3,-5,HOU,AUS,148,3,14,0,NA,0
2011,10,25,2,1857,1959,WN,1183,N410WN,122,112,24,27,HOU,ABQ,759,4,6,0,NA,0
2011,2,17,4,1732,2025,OO,1107,N778SK,113,89,-4,2,IAH,ATL,689,11,13,0,NA,0
2011,4,5,2,1007,1353,CO,1544,N34282,166,142,0,-3,IAH,CLE,1091,8,16,0,NA,0
2011,11,21,1,1439,1544,CO,1083,N77525,65,47,-5,-1,IAH,MSY,305,3,15,0,NA,0
2011,3,28,1,1342,1532,XE,2793,N13956,110,93,9,12,IAH,MCI,643,4,13,0,NA,0
2011,3,16,3,926,1128,CO,542,N30401,182,163,-19,1,IAH,SLC,1195,3,16,0,NA,0
2011,12,21,3,1804,1923,WN,1464,N245WN,79,69,23,29,HOU,MAF,441,3,7,0,NA,0
2011,2,10,4,1045,1220,WN,3133,N231WN,95,70,55,45,HOU,MAF,441,3,22,0,NA,0
2011,2,2,3,850,1019,CO,799,N57852,149,123,-8,5,IAH,DEN,862,7,19,0,NA,0
2011,2,27,7,745,940,CO,52,N13138,235,208,6,0,IAH,LAX,1379,11,16,0,NA,0
2011,10,22,6,1726,2012,WN,1466,N316SW,106,92,-23,1,HOU,TPA,781,4,10,0,NA,0
2011,5,8,7,636,836,OO,4484,N822SK,180,162,-22,1,IAH,SLC,1195,5,13,0,NA,0
2011,6,25,6,1756,2117,AA,1294,N3EFAA,141,119,-28,-9,IAH,MIA,964,5,17,0,NA,0
2011,10,24,1,2110,2216,XE,4658,N12145,66,51,-9,-5,IAH,LRD,301,3,12,0,NA,0
2011,6,19,7,1656,2113,CO,806,N58606,197,156,7,5,IAH,IAD,1190,26,15,0,NA,0
2011,4,10,7,1409,1714,XE,2405,N14148,125,104,1,-1,IAH,LEX,828,8,13,0,NA,0
2011,1,31,1,1550,2012,CO,682,N78501,202,180,-25,0,IAH,BOS,1597,9,13,0,NA,0
2011,4,3,7,NA,NA,WN,38,N287WN,NA,NA,NA,NA,HOU,DAL,239,NA,NA,1,A,0
2011,6,17,5,1817,1922,XE,3027,N15948,65,48,-2,-3,IAH,HRL,295,3,14,0,NA,0
2011,11,20,7,1033,1143,XE,4682,N11547,70,39,1,-7,IAH,BTR,253,5,26,0,NA,0
2011,8,27,6,1921,2156,OO,2038,N758SK,155,134,21,16,IAH,MKE,984,5,16,0,NA,0
2011,9,23,5,1159,1527,US,1702,N444US,148,128,1,-1,IAH,CLT,912,8,12,0,NA,0
2011,3,4,5,1917,2048,CO,1099,N26210,151,125,19,22,IAH,DEN,862,11,15,0,NA,0
2011,9,1,4,1838,2019,OO,4455,N800SK,161,144,-32,-7,IAH,SLC,1195,8,9,0,NA,0
2011,1,18,2,2130,2230,WN,55,N501SW,60,45,0,0,HOU,HRL,276,2,13,0,NA,0
2011,9,20,2,925,1106,CO,1714,N73251,221,203,-9,15,IAH,SMF,1609,9,9,0,NA,0
2011,3,15,2,1903,2237,XE,2171,N14171,154,139,-13,3,IAH,ORF,1201,3,12,0,NA,0
2011,12,9,5,1801,1946,XE,4658,N14937,105,74,-2,-9,IAH,BHM,562,6,25,0,NA,0
2011,7,26,2,1902,2103,XE,2882,N12540,121,92,101,92,IAH,BNA,657,5,24,0,NA,0
2011,11,8,2,1649,1808,CO,1638,N35204,139,111,32,49,IAH,DEN,862,10,18,0,NA,0
2011,7,3,7,1913,2034,CO,1688,N16646,81,61,-22,-2,IAH,TUL,429,7,13,0,NA,0
2011,12,18,7,952,1117,OO,5162,N726SK,205,187,-28,-3,IAH,BFL,1428,4,14,0,NA,0
2011,6,6,1,1555,2044,CO,210,N19117,229,189,6,5,IAH,EWR,1400,11,29,0,NA,0
2011,12,15,4,1604,1832,OO,5190,N784SK,148,126,-6,19,IAH,MSP,1034,7,15,0,NA,0
2011,12,9,5,1804,1928,OO,5246,N976SW,84,66,-9,-1,IAH,MAF,429,3,15,0,NA,0
2011,1,1,6,1659,1807,XE,2834,N15932,68,52,2,4,IAH,JAN,351,6,10,0,NA,0
2011,4,24,7,923,1116,CO,1470,N34282,233,215,-13,-12,IAH,RNO,1530,6,12,0,NA,0
2011,11,25,5,847,1113,UA,855,N675UA,266,232,8,0,IAH,SFO,1635,12,22,0,NA,0
2011,3,2,3,839,924,WN,201,N777QC,45,36,44,49,HOU,CRP,187,3,6,0,NA,0
2011,6,3,5,1910,2224,CO,1506,N37287,134,109,6,0,IAH,TPA,787,9,16,0,NA,0
2011,12,26,1,1146,1253,XE,4518,N14938,67,47,11,6,IAH,CRP,201,5,15,0,NA,0
2011,5,13,5,927,1058,CO,1495,N77871,211,187,-4,-3,IAH,LAX,1379,8,16,0,NA,0
2011,9,12,1,846,942,WN,2320,N445WN,56,45,-13,-4,HOU,MSY,302,4,7,0,NA,0
2011,8,9,2,1410,1731,CO,1562,N19638,141,120,-4,0,IAH,RSW,861,5,16,0,NA,0
2011,12,22,4,2104,11,XE,4148,N13969,127,113,78,84,IAH,CHS,925,3,11,0,NA,0
2011,8,21,7,2038,2333,WN,1771,N670SW,115,103,-12,-2,HOU,TPA,781,4,8,0,NA,0
2011,5,30,1,1333,1524,XE,2794,N17560,111,92,-1,-2,IAH,MCI,643,7,12,0,NA,0
2011,1,8,6,859,1017,OO,1134,N745SK,78,59,-3,-3,IAH,OKC,395,3,16,0,NA,0
2011,3,16,3,1101,1411,WN,1164,N768SW,130,112,-9,1,HOU,CHS,928,10,8,0,NA,0
2011,6,24,5,2049,2213,MQ,3724,N527MQ,204,179,28,24,IAH,LAX,1379,14,11,0,NA,0
2011,3,25,5,1100,1153,WN,20,N253WN,53,42,-7,0,HOU,DAL,239,4,7,0,NA,0
2011,6,12,7,1415,1732,XE,2841,N13995,137,119,34,40,IAH,DAY,929,5,13,0,NA,0
2011,12,5,1,826,1028,WN,640,N761RR,122,105,-27,1,HOU,MDW,937,4,13,0,NA,0
2011,3,31,4,1447,1624,CO,1821,N16713,217,184,-4,-3,IAH,SNA,1347,13,20,0,NA,0
2011,12,5,1,1635,1815,XE,4459,N11137,100,74,47,60,IAH,BNA,657,5,21,0,NA,0
2011,8,31,3,1228,1310,WN,1673,N747SA,42,28,-5,-2,HOU,AUS,148,5,9,0,NA,0
2011,8,29,1,1140,1300,XE,2200,N13994,80,61,2,0,IAH,OKC,395,3,16,0,NA,0
2011,4,11,1,1551,1824,XE,2948,N25134,153,118,4,1,IAH,MKE,984,4,31,0,NA,0
2011,7,8,5,2125,2235,CO,1543,N37267,70,49,20,20,IAH,MFE,316,5,16,0,NA,0
2011,12,26,1,2033,2153,CO,1233,N14704,80,30,30,8,IAH,AUS,140,3,47,0,NA,0
2011,8,15,1,2056,2218,XE,2404,N12136,82,63,-9,1,IAH,TUL,429,5,14,0,NA,0
2011,4,3,7,636,901,MQ,3859,N520MQ,145,117,-14,-4,IAH,ORD,925,16,12,0,NA,0
2011,11,11,5,900,957,WN,12,N212WN,57,45,-3,0,HOU,DAL,239,4,8,0,NA,0
2011,1,22,6,1252,1625,OO,1127,N770SK,153,134,11,3,IAH,GRR,1042,4,15,0,NA,0
2011,4,13,3,814,1251,CO,332,N33266,217,184,22,24,IAH,LGA,1416,4,29,0,NA,0
2011,1,11,2,1626,1741,XE,2784,N16927,75,56,0,1,IAH,LIT,374,4,15,0,NA,0
2011,1,18,2,842,1120,XE,3083,N17138,158,131,64,57,IAH,MKE,984,6,21,0,NA,0
2011,3,24,4,1732,1901,CO,1689,N76514,209,192,-9,2,IAH,SAN,1303,3,14,0,NA,0
2011,8,12,5,939,1056,OO,1171,N794SK,197,181,-34,-1,IAH,BFL,1428,4,12,0,NA,0
2011,4,14,4,2131,2220,WN,1565,N783SW,49,34,20,16,HOU,AUS,148,7,8,0,NA,0
2011,7,14,4,2140,51,OO,1117,N746SK,131,112,121,130,IAH,CVG,871,6,13,0,NA,0
2011,6,24,5,757,851,WN,8,N398SW,54,43,-9,-3,HOU,DAL,239,4,7,0,NA,0
2011,2,11,5,1453,1835,CO,158,N39728,162,141,0,8,IAH,DCA,1208,5,16,0,NA,0
2011,10,7,5,1854,2126,CO,1282,N14214,272,249,-10,-1,IAH,SEA,1874,8,15,0,NA,0
2011,1,31,1,725,1041,XE,3096,N21197,136,121,-12,0,IAH,CMH,986,6,9,0,NA,0
2011,8,11,4,1102,1514,CO,1433,N33289,192,171,-15,22,IAH,LGA,1416,4,17,0,NA,0
2011,10,14,5,1954,2138,XE,4674,N18102,104,86,-7,-6,IAH,HSV,595,8,10,0,NA,0
2011,5,5,4,2012,2309,CO,616,N17620,177,153,1,-3,IAH,MSP,1034,6,18,0,NA,0
2011,7,9,6,1107,1505,CO,1474,N24224,178,162,24,27,IAH,DCA,1208,5,11,0,NA,0
2011,12,7,3,2118,125,CO,1054,N15710,187,161,7,13,IAH,EWR,1400,8,18,0,NA,0
2011,1,6,4,641,910,WN,1148,N510SW,149,137,0,1,HOU,MDW,937,5,7,0,NA,0
2011,3,30,3,1115,1409,EV,5186,N138EV,114,91,-2,3,IAH,ATL,689,10,13,0,NA,0
2011,9,3,6,1312,1451,XE,2304,N27962,99,68,41,12,IAH,GPT,376,6,25,0,NA,0
2011,3,10,4,1737,2014,CO,667,N37413,277,257,4,12,IAH,SEA,1874,6,14,0,NA,0
2011,7,19,2,1428,1542,CO,1570,N62631,74,49,-9,-7,IAH,MFE,316,8,17,0,NA,0
2011,8,18,4,2049,2221,WN,879,N659SW,92,81,-14,9,HOU,BHM,570,2,9,0,NA,0
2011,2,11,5,1743,1835,WN,922,N628SW,52,40,5,8,HOU,SAT,192,3,9,0,NA,0
2011,1,20,4,1903,2001,XE,2731,N13990,58,33,6,3,IAH,SHV,192,5,20,0,NA,0
2011,9,22,4,1601,1735,XE,2292,N14939,94,75,-5,-4,IAH,BHM,562,4,15,0,NA,0
2011,5,7,6,1136,1405,CO,267,N75429,269,248,7,6,IAH,SEA,1874,4,17,0,NA,0
2011,11,2,3,1548,1926,CO,1688,N16632,158,134,-31,-7,IAH,DTW,1075,6,18,0,NA,0
2011,12,8,4,722,927,XE,4663,N13903,125,84,9,-3,IAH,BNA,657,6,35,0,NA,0
2011,4,20,3,1439,1712,CO,767,N39415,273,245,3,-1,IAH,SEA,1874,5,23,0,NA,0
2011,9,2,5,1129,1226,XE,2817,N14942,57,47,-9,-1,IAH,HRL,295,4,6,0,NA,0
2011,11,16,3,927,1029,XE,4680,N14945,62,47,-3,7,IAH,HRL,295,5,10,0,NA,0
2011,3,22,2,944,1239,EV,5189,N607LR,115,98,-3,-2,HOU,ATL,696,5,12,0,NA,0
2011,7,25,1,1420,1556,XE,2336,N14933,96,80,-3,0,IAH,ICT,542,6,10,0,NA,0
2011,12,7,3,1315,1700,CO,1572,N16647,165,127,2,-5,IAH,RDU,1042,5,33,0,NA,0
2011,10,29,6,912,1104,XE,4320,N36915,112,98,-5,-3,IAH,MCI,643,5,9,0,NA,0
2011,8,5,5,1807,2020,CO,1015,N14214,253,228,13,23,IAH,PDX,1825,3,22,0,NA,0
2011,12,2,5,906,1004,CO,1628,N16703,58,36,-8,-4,IAH,AUS,140,8,14,0,NA,0
2011,11,30,3,1315,1457,WN,1098,N494WN,162,145,-13,0,HOU,PHX,1020,8,9,0,NA,0
2011,9,17,6,1457,1539,US,247,N839AW,162,143,-8,-3,IAH,PHX,1009,7,12,0,NA,0
2011,4,15,5,1803,1946,CO,1705,N59630,103,54,32,3,IAH,MFE,316,3,46,0,NA,0
2011,10,27,4,1054,1358,DL,1215,N766NC,124,92,-10,-6,HOU,ATL,696,13,19,0,NA,0
2011,8,1,1,1016,1339,CO,1613,N16642,143,120,-13,-4,IAH,RSW,861,4,19,0,NA,0
2011,6,28,2,636,755,F9,225,N942FR,139,122,20,21,HOU,DEN,883,9,8,0,NA,0
2011,10,5,3,1259,1706,CO,1598,N76528,187,164,8,-1,IAH,DCA,1208,5,18,0,NA,0
2011,8,10,3,1157,1446,CO,1547,N33264,169,146,25,12,IAH,ORD,925,5,18,0,NA,0
2011,5,26,4,1059,1430,XE,2520,N18557,151,133,18,1,IAH,CVG,871,7,11,0,NA,0
2011,7,12,2,1034,1244,XE,2750,N11140,130,86,42,19,IAH,HSV,595,6,38,0,NA,0
2011,12,1,4,856,1025,WN,277,N708SW,209,192,0,16,HOU,LAX,1390,9,8,0,NA,0
2011,11,26,6,1352,1729,XE,4135,N17138,157,128,40,28,IAH,RDU,1042,6,23,0,NA,0
2011,8,1,1,1016,1141,XE,2734,N12946,85,65,-5,-4,IAH,XNA,438,3,17,0,NA,0
2011,6,6,1,1754,1943,WN,2904,N525SW,109,95,18,34,HOU,STL,687,4,10,0,NA,0
2011,12,29,4,1828,1922,WN,50,N604SW,54,43,-8,-2,HOU,DAL,239,4,7,0,NA,0
2011,7,18,1,1219,1348,XE,2734,N12563,89,70,122,119,IAH,XNA,438,3,16,0,NA,0
2011,2,5,6,1753,2000,US,587,N303AW,187,158,-8,-7,IAH,PHX,1009,9,20,0,NA,0
2011,8,28,7,1309,1643,CO,1215,N73251,154,137,8,19,IAH,RDU,1042,5,12,0,NA,0
2011,6,9,4,550,1136,WN,709,N463WN,NA,NA,NA,5,HOU,MDW,937,9,8,0,NA,1
2011,2,17,4,2142,15,CO,209,N35260,273,256,17,17,IAH,PDX,1825,5,12,0,NA,0
2011,8,19,5,725,1003,DL,1512,N354NB,158,133,38,48,IAH,MSP,1034,9,16,0,NA,0
2011,10,11,2,601,726,EV,5234,N851AS,85,69,-13,-4,IAH,MEM,468,5,11,0,NA,0
2011,7,18,1,750,915,XE,2723,N14937,85,60,11,8,IAH,OKC,395,5,20,0,NA,0
2011,12,26,1,735,1208,CO,1189,N38268,213,180,0,-5,IAH,LGA,1416,7,26,0,NA,0
2011,8,13,6,707,900,XE,2573,N13553,113,98,-7,-8,IAH,BNA,657,7,8,0,NA,0
2011,6,3,5,711,858,XE,2573,N18114,107,90,-14,-9,IAH,BNA,657,4,13,0,NA,0
2011,11,2,3,1944,2039,CO,1602,N37427,55,42,-17,-2,IAH,MSY,305,2,11,0,NA,0
2011,12,13,2,738,1101,CO,1614,N75428,143,118,6,8,IAH,FLL,965,4,21,0,NA,0
2011,9,12,1,1604,1656,WN,40,N357SW,52,40,-4,4,HOU,DAL,239,3,9,0,NA,0
2011,3,15,2,1311,1612,XE,2629,N14902,121,103,-7,-4,IAH,GSP,838,5,13,0,NA,0
2011,11,20,7,1545,1641,XE,4427,N14947,56,34,2,0,IAH,LFT,201,5,17,0,NA,0
2011,7,31,7,1101,1158,XE,2296,N12135,57,39,13,8,IAH,CRP,201,4,14,0,NA,0
2011,7,23,6,1936,2245,XE,2782,N11184,129,110,2,-5,IAH,TYS,771,3,16,0,NA,0
2011,7,24,7,1431,1531,CO,1557,N16642,60,36,18,16,IAH,SAT,191,4,20,0,NA,0
2011,6,11,6,1053,1433,EV,5049,N133EV,160,126,36,7,IAH,ATL,689,11,23,0,NA,0
2011,8,11,4,1737,1828,WN,46,N520SW,51,42,-2,7,HOU,DAL,239,3,6,0,NA,0
2011,12,12,1,559,819,WN,177,N277WN,140,125,-11,-1,HOU,MDW,937,5,10,0,NA,0
2011,4,10,7,1900,1950,WN,52,N212WN,50,39,-10,0,HOU,DAL,239,5,6,0,NA,0
2011,12,12,1,1428,1743,XE,4563,N11109,135,118,0,8,IAH,CRW,975,9,8,0,NA,0
2011,1,21,5,1704,1755,WN,208,N242WN,51,42,-15,-1,HOU,MSY,303,3,6,0,NA,0
2011,5,29,7,1509,1600,OO,1133,N748SK,111,95,1,-1,IAH,ELP,667,3,13,0,NA,0
2011,2,12,6,804,958,XE,2573,N14543,114,87,52,44,IAH,BNA,657,5,22,0,NA,0
2011,3,19,6,1705,1818,XE,2834,N14937,73,53,1,-4,IAH,JAN,351,6,14,0,NA,0
2011,3,21,1,1700,2140,B6,624,N317JB,220,196,94,85,HOU,JFK,1428,9,15,0,NA,0
2011,7,2,6,2311,13,CO,1814,N56859,182,155,110,116,IAH,LAS,1222,10,17,0,NA,0
2011,3,1,2,1551,2019,CO,210,N14107,208,181,-9,1,IAH,EWR,1400,12,15,0,NA,0
2011,3,6,7,700,1008,DL,1235,N600TR,128,107,-2,0,IAH,ATL,689,6,15,0,NA,0
2011,8,21,7,1248,1351,OO,2020,N745SK,63,43,-5,-2,IAH,DFW,224,6,14,0,NA,0
2011,3,30,3,714,826,WN,1310,N401WN,72,61,-9,-1,HOU,OKC,419,3,8,0,NA,0
2011,12,16,5,1025,1412,OO,5202,N708SK,167,127,11,-5,IAH,RDU,1042,3,37,0,NA,0
2011,8,3,3,1918,2022,CO,1661,N12225,64,46,-6,3,IAH,MSY,305,3,15,0,NA,0
2011,10,19,3,1546,1734,XE,4331,N14947,108,82,-1,-4,IAH,HSV,595,4,22,0,NA,0
2011,4,7,4,1645,1747,CO,763,N39416,62,46,-4,0,IAH,MSY,305,3,13,0,NA,0
2011,3,24,4,1238,1504,OO,1191,N732SK,206,169,8,-2,IAH,SLC,1195,4,33,0,NA,0
2011,10,19,3,849,1027,XE,4188,N11539,98,78,8,-1,IAH,TUL,429,6,14,0,NA,0
2011,4,22,5,1701,1802,WN,44,N262WN,61,44,2,1,HOU,DAL,239,5,12,0,NA,0
2011,9,17,6,1542,1850,CO,1718,N18243,188,139,49,12,IAH,ORD,925,6,43,0,NA,0
2011,2,26,6,1518,1902,WN,3810,N783SW,164,145,-3,8,HOU,BWI,1246,12,7,0,NA,0
2011,7,8,5,759,947,UA,434,N474UA,228,208,-15,-6,IAH,SFO,1635,4,16,0,NA,0
2011,9,25,7,1538,1627,XE,2185,N14937,49,35,-5,3,IAH,CRP,201,4,10,0,NA,0
2011,3,22,2,805,916,US,362,N155AW,191,161,-2,0,IAH,PHX,1009,8,22,0,NA,0
2011,3,28,1,2056,2259,OO,1102,N751SK,123,107,-9,1,IAH,OMA,781,3,13,0,NA,0
2011,2,1,2,1350,1533,WN,848,N245WN,103,93,43,0,HOU,MSY,303,4,6,0,NA,0
2011,7,9,6,2227,2337,XE,2357,N13964,70,50,79,72,IAH,LRD,301,4,16,0,NA,0
2011,10,31,1,1804,1936,CO,1430,N57855,212,183,0,4,IAH,LAX,1379,10,19,0,NA,0
2011,3,9,3,1012,1145,WN,7,N213WN,93,78,15,12,HOU,BHM,570,3,12,0,NA,0
2011,8,30,2,1446,1544,XE,2625,N14930,58,44,-11,-4,IAH,HRL,295,4,10,0,NA,0
2011,11,20,7,1859,2203,WN,2341,N655WN,124,109,13,14,HOU,MCO,849,5,10,0,NA,0
2011,4,14,4,2059,2216,XE,2975,N11192,137,118,14,-1,IAH,ABQ,744,5,14,0,NA,0
2011,3,7,1,1329,1542,CO,146,N77871,133,114,-6,14,IAH,ORD,925,6,13,0,NA,0
2011,7,6,3,1312,1719,CO,1633,N19638,187,159,17,-3,IAH,RDU,1042,6,22,0,NA,0
2011,5,8,7,1650,1946,OO,1149,N758SK,116,92,-6,-5,IAH,ATL,689,8,16,0,NA,0
2011,3,2,3,630,814,WN,648,N554WN,104,94,-11,0,HOU,STL,687,4,6,0,NA,0
2011,1,23,7,1015,1125,XE,3119,N11150,70,55,-4,0,IAH,MOB,427,5,10,0,NA,0
2011,6,12,7,1503,1530,US,269,N825AW,147,131,-14,-2,IAH,PHX,1009,6,10,0,NA,0
2011,11,10,4,1137,1304,OO,5181,N719SK,147,117,1,-3,IAH,COS,809,6,24,0,NA,0
2011,10,24,1,1911,2045,CO,47,N78866,214,187,-1,1,IAH,LAX,1379,7,20,0,NA,0
2011,7,14,4,829,1131,XE,2435,N12924,122,111,12,19,IAH,JAX,817,4,7,0,NA,0
2011,2,1,2,1939,2033,CO,1411,N33264,54,31,31,34,IAH,AUS,140,5,18,0,NA,0
2011,12,20,2,2125,2214,XE,4088,N18120,49,32,-5,0,IAH,AEX,190,5,12,0,NA,0
2011,9,30,5,1739,2157,CO,1744,N76504,198,172,-5,3,IAH,LGA,1416,11,15,0,NA,0
2011,9,18,7,1839,2011,WN,417,N493WN,152,131,31,29,HOU,DEN,883,5,16,0,NA,0
2011,3,31,4,1256,1633,CO,458,N14250,157,137,-13,1,IAH,DCA,1208,4,16,0,NA,0
2011,6,28,2,1925,2247,CO,1830,N73276,142,121,12,20,IAH,PBI,956,6,15,0,NA,0
2011,12,17,6,1605,1715,CO,1186,N33203,190,171,-13,30,IAH,LAX,1379,6,13,0,NA,0
2011,12,18,7,908,1001,OO,5157,N767SK,113,101,-21,3,IAH,ABQ,744,4,8,0,NA,0
2011,2,15,2,808,1005,XE,2056,N14902,117,101,-4,-6,IAH,MCI,643,3,13,0,NA,0
2011,10,10,1,1305,1747,CO,1087,N77430,222,199,-3,0,IAH,BOS,1597,8,15,0,NA,0
2011,1,13,4,552,713,US,270,N334AW,141,128,-42,-8,IAH,PHX,1009,3,10,0,NA,0
2011,8,20,6,1254,1448,XE,2554,N15983,114,96,51,47,IAH,MCI,643,5,13,0,NA,0
2011,8,18,4,1912,1959,XE,2418,N12946,47,28,-17,-8,IAH,LCH,127,5,14,0,NA,0
2011,1,8,6,1012,1058,WN,3013,N770SA,46,31,13,12,HOU,AUS,148,5,10,0,NA,0
2011,7,17,7,1143,1153,XE,2847,N26141,130,116,-13,-2,IAH,TUS,936,4,10,0,NA,0
2011,7,20,3,1819,1951,XE,2873,N13936,92,73,-8,9,IAH,AMA,517,5,14,0,NA,0
2011,3,15,2,1738,1830,XE,2902,N12934,52,31,-8,-2,IAH,LFT,201,6,15,0,NA,0
2011,5,31,2,1440,1807,XE,2397,N14977,147,127,4,-5,IAH,CLT,913,8,12,0,NA,0
2011,10,20,4,1603,1731,CO,1257,N30401,208,178,11,8,IAH,LAS,1222,11,19,0,NA,0
2011,2,17,4,1145,1612,CO,1832,N18243,207,181,0,5,IAH,LGA,1416,6,20,0,NA,0
2011,12,16,5,2103,2229,XE,4329,N14943,86,55,187,173,IAH,HRL,295,6,25,0,NA,0
2011,12,14,3,750,1113,XE,4382,N16561,143,116,-12,-7,IAH,CLT,912,8,19,0,NA,0
2011,12,15,4,1951,2345,CO,1056,N34282,174,147,-7,-4,IAH,BWI,1235,5,22,0,NA,0
2011,6,28,2,856,1131,UA,314,N433UA,155,134,9,6,IAH,ORD,925,6,15,0,NA,0
2011,11,26,6,1659,2049,CO,1531,N36207,170,145,-10,-1,IAH,BWI,1235,7,18,0,NA,0
2011,3,27,7,1248,1344,WN,1147,N244WN,116,101,-1,3,HOU,ELP,677,4,11,0,NA,0
2011,7,10,7,1211,1333,XE,2433,N11109,82,67,43,41,IAH,LBB,458,4,11,0,NA,0
2011,11,21,1,609,830,OO,5435,N794SK,141,117,-2,9,IAH,ORD,925,11,13,0,NA,0
2011,10,14,5,1414,1718,XE,4457,N16151,124,104,2,-1,IAH,JAX,817,5,15,0,NA,0
2011,1,25,2,1728,2003,CO,667,N57862,275,254,0,3,IAH,SEA,1874,5,16,0,NA,0
2011,12,2,5,702,959,DL,810,N904DA,117,88,-16,-5,IAH,ATL,689,16,13,0,NA,0
2011,6,7,2,1320,1454,CO,1695,N75429,214,180,3,5,IAH,LAX,1379,6,28,0,NA,0
2011,3,2,3,1014,1610,CO,212,N39423,236,218,-12,-1,IAH,SJU,2007,5,13,0,NA,0
2011,12,8,4,1528,1640,OO,5180,N745SK,132,112,11,22,IAH,COS,809,5,15,0,NA,0
2011,3,19,6,1227,1550,US,1735,N449US,143,131,20,17,IAH,CLT,913,4,8,0,NA,0
2011,8,16,2,918,1053,XE,2206,N14570,95,75,28,28,IAH,AMA,517,5,15,0,NA,0
2011,2,24,4,2051,2348,WN,49,N334SW,117,103,33,41,HOU,MCO,848,5,9,0,NA,0
2011,12,6,2,825,1028,WN,640,N495WN,123,109,-27,0,HOU,MDW,937,2,12,0,NA,0
2011,3,13,7,1953,2304,XE,3137,N14171,131,102,5,8,IAH,LEX,828,10,19,0,NA,0
2011,12,16,5,559,754,US,403,N673AW,175,149,2,-1,IAH,PHX,1009,6,20,0,NA,0
2011,7,4,1,1759,2222,CO,1540,N37437,203,179,-17,4,IAH,EWR,1400,11,13,0,NA,0
2011,1,6,4,929,1042,OO,1124,N728SK,133,112,6,-6,IAH,ELP,667,4,17,0,NA,0
2011,9,2,5,1419,1552,XE,3033,N14972,93,72,-5,-1,IAH,AMA,517,5,16,0,NA,0
2011,6,20,1,1122,1256,XE,3152,N16927,94,79,-3,-3,IAH,AMA,519,6,9,0,NA,0
2011,8,28,7,800,1114,WN,1490,N395SW,134,122,-11,-5,HOU,MCO,849,6,6,0,NA,0
2011,11,19,6,938,1231,DL,1590,N994DL,113,88,-6,3,IAH,ATL,689,9,16,0,NA,0
2011,5,5,4,600,702,WN,667,N403WN,182,172,-8,0,HOU,LAS,1235,4,6,0,NA,0
2011,9,22,4,734,1119,CO,1674,N16701,165,136,-11,-1,IAH,DCA,1208,5,24,0,NA,0
2011,1,20,4,2130,2231,WN,55,N515SW,61,49,1,0,HOU,HRL,276,3,9,0,NA,0
2011,7,25,1,809,926,WN,323,N384SW,77,61,21,14,HOU,JAN,359,5,11,0,NA,0
2011,1,31,1,1016,1126,XE,2833,N14940,70,54,-7,-4,IAH,JAN,351,5,11,0,NA,0
2011,10,27,4,2029,2202,MQ,3724,N5PBMQ,213,196,2,-1,IAH,LAX,1379,6,11,0,NA,0
2011,10,17,1,1514,1632,WN,1197,N714CB,78,66,-8,-1,HOU,TUL,453,3,9,0,NA,0
2011,7,30,6,2044,2126,CO,1441,N12238,42,26,69,74,IAH,AUS,140,6,10,0,NA,0
2011,5,3,2,725,1058,CO,1868,N13138,153,119,6,0,IAH,FLL,965,7,27,0,NA,0
2011,1,8,6,1119,1457,CO,358,N15712,158,141,4,8,IAH,DCA,1208,6,11,0,NA,0
2011,9,16,5,1250,1626,XE,2493,N11199,156,136,-1,-5,IAH,GRR,1042,5,15,0,NA,0
2011,2,9,3,1210,1506,WN,2459,N512SW,116,94,36,35,HOU,JAX,816,4,18,0,NA,0
2011,5,6,5,713,834,XE,2687,N13553,81,66,-5,-2,IAH,PNS,489,4,11,0,NA,0
2011,1,31,1,1302,1357,WN,28,N490WN,55,40,-3,2,HOU,DAL,239,2,13,0,NA,0
2011,7,27,3,1811,2137,DL,54,N986DL,146,93,12,-3,IAH,ATL,689,18,35,0,NA,0
2011,2,21,1,834,1156,US,944,N409US,142,85,-10,-11,IAH,CLT,913,22,35,0,NA,0
2011,10,21,5,959,1123,WN,2090,N337SW,84,72,3,4,HOU,TUL,453,4,8,0,NA,0
2011,6,11,6,1120,1440,CO,1690,N19621,140,120,8,25,IAH,MIA,964,7,13,0,NA,0
2011,8,7,7,1444,1740,FL,288,N910AT,116,98,-14,-7,HOU,ATL,696,11,7,0,NA,0
2011,5,4,3,709,1036,US,1696,N459UW,147,119,-1,-1,IAH,CLT,913,14,14,0,NA,0
2011,5,13,5,1559,1915,CO,606,N14228,136,97,26,14,IAH,TPA,787,6,33,0,NA,0
2011,10,7,5,1606,1956,CO,1439,N16703,170,148,22,21,IAH,CLE,1091,7,15,0,NA,0
2011,7,2,6,734,835,OO,5816,N941SW,61,40,0,-1,IAH,DAL,216,4,17,0,NA,0
2011,2,15,2,1734,1825,WN,2453,N954WN,111,102,-15,-1,HOU,ELP,677,3,6,0,NA,0
2011,3,20,7,1339,1637,WN,384,N782SA,118,105,2,14,HOU,GSP,845,5,8,0,NA,0
2011,1,3,1,1136,1353,CO,270,N53442,257,224,13,11,IAH,SFO,1635,11,22,0,NA,0
2011,4,26,2,1449,1608,XE,2025,N11140,139,122,15,0,IAH,ABQ,744,3,14,0,NA,0
2011,12,25,7,1155,1317,AA,865,N4WTAA,82,40,12,0,IAH,DFW,224,9,33,0,NA,0
2011,5,16,1,1601,1749,CO,795,N37422,228,197,17,6,IAH,LAX,1379,6,25,0,NA,0
2011,2,21,1,1359,1445,WN,32,N418WN,46,38,-15,-1,HOU,DAL,239,2,6,0,NA,0
2011,9,2,5,1551,1705,AA,458,N466AA,74,41,0,1,IAH,DFW,224,6,27,0,NA,0
2011,1,5,3,1928,2232,CO,1506,N31412,124,92,26,28,IAH,TPA,787,4,28,0,NA,0
2011,3,9,3,1551,1856,EV,5190,N138EV,125,89,2,-5,HOU,ATL,696,8,28,0,NA,0
2011,2,27,7,1803,1951,OO,5845,N953SW,168,145,12,-2,IAH,TUS,936,3,20,0,NA,0
2011,8,30,2,1856,2024,F9,229,N937FR,148,119,0,-3,HOU,DEN,883,7,22,0,NA,0
2011,11,26,6,2105,2234,OO,5172,N789SK,209,185,-26,-5,IAH,BFL,1428,5,19,0,NA,0
2011,12,8,4,847,1156,US,1415,N442US,129,110,-20,-4,IAH,CLT,912,10,9,0,NA,0
2011,1,11,2,2130,2227,WN,55,N508SW,57,46,-3,0,HOU,HRL,276,3,8,0,NA,0
2011,9,2,5,1304,1421,UA,737,N592UA,137,112,-1,4,IAH,DEN,862,6,19,0,NA,0
2011,9,2,5,1039,1157,XE,2482,N13964,78,60,-1,-6,IAH,GPT,376,5,13,0,NA,0
2011,9,12,1,741,1046,CO,1454,N38727,125,104,-7,-4,IAH,TPA,787,6,15,0,NA,0
2011,5,21,6,1102,1158,WN,1317,N660SW,56,45,-7,-3,HOU,MSY,303,3,8,0,NA,0
2011,6,20,1,1947,2044,WN,213,N456WN,57,45,174,182,HOU,MSY,303,4,8,0,NA,0
2011,11,10,4,1025,1151,XE,4180,N15912,86,45,19,15,IAH,MOB,427,6,35,0,NA,0
2011,9,18,7,1545,1732,XE,2474,N13992,107,87,8,15,IAH,BNA,657,5,15,0,NA,0
2011,8,1,1,1429,1523,CO,1541,N17627,54,26,1,-1,IAH,AUS,140,5,23,0,NA,0
2011,12,26,1,2305,2348,CO,1422,N37274,43,28,-10,5,IAH,AUS,140,6,9,0,NA,0
2011,4,21,4,1735,1844,OO,1102,N743SK,129,110,2,0,IAH,ABQ,744,5,14,0,NA,0
2011,7,28,4,723,1058,CO,1487,N75858,155,124,8,-2,IAH,MCO,854,5,26,0,NA,0
2011,9,9,5,1654,1746,WN,37,N957WN,52,44,-9,-1,HOU,MSY,302,2,6,0,NA,0
2011,5,21,6,1314,1537,WN,3301,N758SW,NA,NA,NA,4,HOU,LAS,1235,6,7,0,NA,1
2011,12,21,3,716,1130,XE,4598,N13133,194,142,30,6,IAH,DTW,1075,18,34,0,NA,0
2011,4,28,4,729,1113,WN,349,N242WN,164,149,-12,4,HOU,BWI,1246,6,9,0,NA,0
2011,4,26,2,2103,2232,WN,117,N257WN,89,75,67,58,HOU,OKC,419,3,11,0,NA,0
2011,10,10,1,1700,1751,WN,2154,N525SW,111,95,-4,0,HOU,ELP,677,3,13,0,NA,0
2011,2,21,1,947,1059,OO,1177,N795SK,132,116,-1,7,IAH,COS,809,4,12,0,NA,0
2011,11,6,7,2041,2351,CO,1523,N76526,130,108,9,21,IAH,PBI,956,5,17,0,NA,0
2011,2,11,5,1257,1553,CO,1757,N18622,116,90,-6,7,IAH,ATL,689,8,18,0,NA,0
2011,3,28,1,1622,1911,XE,2122,N17196,169,139,18,7,IAH,MSP,1034,4,26,0,NA,0
2011,8,18,4,1041,1303,WN,1106,N716SW,142,129,3,6,HOU,MDW,937,2,11,0,NA,0
2011,4,16,6,1851,2104,XE,2712,N25134,133,112,9,-4,IAH,DSM,802,7,14,0,NA,0
2011,6,5,7,1741,1850,CO,5,N16642,69,46,-2,-4,IAH,MSY,305,4,19,0,NA,0
2011,8,20,6,1637,2033,CO,1172,N17233,176,159,-4,7,IAH,BWI,1235,5,12,0,NA,0
2011,10,9,7,1817,1900,CO,1204,N38443,163,135,30,37,IAH,PHX,1009,9,19,0,NA,0
2011,5,22,7,2210,29,CO,620,N54241,199,170,57,50,IAH,SLC,1195,17,12,0,NA,0
2011,11,18,5,1437,1646,XE,4706,N11150,129,113,-4,-3,IAH,CID,845,4,12,0,NA,0
2011,4,14,4,1554,1656,CO,33,N47414,62,47,13,19,IAH,MSY,305,4,11,0,NA,0
2011,8,12,5,2045,2153,CO,1421,N57868,188,166,-3,15,IAH,LAX,1379,10,12,0,NA,0
2011,9,1,4,1849,2200,CO,1586,N76508,131,113,-1,-1,IAH,MCO,854,5,13,0,NA,0
2011,10,14,5,1738,1831,XE,4408,N15948,53,33,-4,-2,IAH,LFT,201,5,15,0,NA,0
2011,4,3,7,1734,2033,XE,2700,N14972,119,96,-2,-1,IAH,ATL,689,9,14,0,NA,0
2011,11,29,2,1606,1734,CO,1187,N27213,208,177,13,11,IAH,LAS,1222,7,24,0,NA,0
2011,3,21,1,2045,2218,CO,1459,N77510,213,193,-16,-5,IAH,SNA,1347,7,13,0,NA,0
2011,11,25,5,1002,1101,WN,16,N318SW,59,44,1,2,HOU,DAL,239,8,7,0,NA,0
2011,2,9,3,2106,2237,XE,2361,N13553,91,64,1,-7,IAH,TUL,429,7,20,0,NA,0
2011,4,1,5,1457,1622,CO,1821,N39726,205,185,-6,7,IAH,SNA,1347,5,15,0,NA,0
2011,11,9,3,608,737,CO,1284,N29717,149,119,-3,8,IAH,DEN,862,12,18,0,NA,0
2011,5,5,4,1303,1557,CO,206,N33289,114,97,-10,-2,IAH,TPA,787,6,11,0,NA,0
2011,3,13,7,744,1155,CO,332,N39297,191,174,-16,-1,IAH,LGA,1416,5,12,0,NA,0
2011,4,8,5,633,801,WN,1708,N466WN,208,195,-24,-2,HOU,LAX,1390,5,8,0,NA,0
2011,7,29,5,836,919,WN,1,N235WN,43,34,9,16,HOU,CRP,187,4,5,0,NA,0
2011,5,25,3,1214,1319,WN,7,N368SW,65,52,134,139,HOU,JAN,359,5,8,0,NA,0
2011,3,20,7,1446,1717,CO,546,N54241,151,131,169,181,IAH,ORD,925,8,12,0,NA,0
2011,11,2,3,721,829,CO,128,N31412,68,43,-6,-2,IAH,MSY,305,4,21,0,NA,0
2011,2,24,4,2118,2219,CO,1423,N57855,61,41,3,8,IAH,MSY,305,5,15,0,NA,0
2011,4,18,1,724,837,CO,1697,N73278,193,172,-5,-1,IAH,LAS,1222,6,15,0,NA,0
2011,6,20,1,734,848,XE,2132,N14939,74,56,-7,-1,IAH,LIT,374,5,13,0,NA,0
2011,7,9,6,1615,1742,EV,5576,N929EV,87,70,-20,-5,IAH,MEM,468,10,7,0,NA,0
2011,4,25,1,1446,1718,XE,2336,N11194,152,116,65,6,IAH,ICT,542,4,32,0,NA,0
2011,12,21,3,1018,1350,OO,5177,N772SK,152,126,-15,3,IAH,DTW,1075,8,18,0,NA,0
2011,6,30,4,1746,1842,XE,2212,N12934,56,41,-8,-4,IAH,BTR,253,5,10,0,NA,0
2011,8,20,6,1431,1546,WN,1202,N612SW,75,64,21,26,HOU,TUL,453,4,7,0,NA,0
2011,8,3,3,1140,1330,OO,1191,N752SK,170,150,-10,0,IAH,SLC,1195,3,17,0,NA,0
2011,2,11,5,723,1140,OO,5817,N923SW,197,132,32,-2,IAH,DTW,1076,7,58,0,NA,0
2011,5,14,6,723,816,XE,2294,N14947,53,29,9,-2,IAH,AUS,140,4,20,0,NA,0
2011,1,26,3,1922,2031,CO,423,N37267,69,42,-3,-3,IAH,MSY,305,5,22,0,NA,0
2011,12,21,3,823,1136,XE,4206,N13969,133,117,37,58,IAH,CMH,986,4,12,0,NA,0
2011,7,30,6,1926,2048,CO,47,N75861,202,168,14,16,IAH,LAX,1379,16,18,0,NA,0
2011,3,25,5,1257,1636,CO,458,N12225,159,141,-10,2,IAH,DCA,1208,3,15,0,NA,0
2011,1,4,2,1758,1939,CO,1689,N24224,221,191,2,1,IAH,SAN,1303,3,27,0,NA,0
2011,9,8,4,1542,1750,OO,2051,N754SK,128,93,8,-3,IAH,MCI,643,4,31,0,NA,0
2011,4,28,4,2057,2358,WN,1271,N385SW,121,103,18,17,HOU,TPA,781,4,14,0,NA,0
2011,11,16,3,721,1028,OO,5227,N941SW,127,98,7,6,IAH,ATL,689,11,18,0,NA,0
2011,11,3,4,810,1118,WN,1628,N390SW,128,109,23,30,HOU,MCO,849,7,12,0,NA,0
2011,5,5,4,917,1038,OO,1160,N744SK,141,121,3,-3,IAH,COS,809,7,13,0,NA,0
2011,6,5,7,1928,2315,CO,644,N39418,167,136,40,33,IAH,CLE,1091,6,25,0,NA,0
2011,11,18,5,944,1054,WN,5,N291WN,130,117,9,14,HOU,ABQ,759,5,8,0,NA,0
2011,1,10,1,1411,1703,XE,2405,N14177,112,99,-11,1,IAH,LEX,828,5,8,0,NA,0
2011,1,20,4,1508,1651,XE,2025,N27152,163,120,27,-2,IAH,ABQ,744,5,38,0,NA,0
2011,3,8,2,1934,2200,XE,3038,N14543,146,95,30,-1,IAH,BNA,657,10,41,0,NA,0
2011,7,29,5,2054,2353,WN,971,N515SW,119,107,-2,14,HOU,TPA,781,5,7,0,NA,0
2011,12,21,3,725,1125,XE,4702,N14168,180,148,-2,-5,IAH,IAD,1190,7,25,0,NA,0
2011,1,21,5,1017,1146,XE,2928,N14204,89,68,2,-3,IAH,TUL,429,5,16,0,NA,0
2011,10,18,2,1220,1351,MQ,3719,N534MQ,211,192,-9,-5,IAH,LAX,1379,9,10,0,NA,0
2011,5,19,4,1016,1354,CO,1544,N16217,158,141,-4,1,IAH,CLE,1091,6,11,0,NA,0
2011,6,16,4,1416,1541,XE,2427,N14939,85,71,-6,-4,IAH,LBB,458,4,10,0,NA,0
2011,9,26,1,2116,2207,XE,2131,N33182,51,38,-8,-4,IAH,CRP,201,4,9,0,NA,0
2011,3,7,1,930,1209,CO,1767,N36272,279,267,-5,0,IAH,SEA,1874,3,9,0,NA,0
2011,4,26,2,1416,1537,OO,1157,N786SK,141,119,0,-4,IAH,COS,809,6,16,0,NA,0
2011,4,29,5,1554,1656,CO,1787,N19621,62,45,-11,-1,IAH,DFW,224,6,11,0,NA,0
2011,5,23,1,1015,1118,XE,3143,N14938,63,43,3,-5,IAH,CRP,201,5,15,0,NA,0
2011,7,24,7,1330,1414,WN,1191,N697SW,44,34,-6,0,HOU,SAT,192,2,8,0,NA,0
2011,5,27,5,724,804,OO,1184,N742SK,160,141,-3,4,IAH,PHX,1009,5,14,0,NA,0
2011,9,3,6,1542,1931,OO,2049,N793SK,169,141,9,-3,IAH,PIT,1117,8,20,0,NA,0
2011,8,27,6,726,1004,CO,1264,N37409,158,128,7,1,IAH,ORD,925,13,17,0,NA,0
2011,1,23,7,1900,2109,XE,2511,N26545,129,110,10,10,IAH,DSM,802,4,15,0,NA,0
2011,4,2,6,2100,13,CO,506,N33266,133,103,25,10,IAH,TPA,787,8,22,0,NA,0
2011,12,18,7,953,1056,XE,4327,N14925,63,52,17,28,IAH,HRL,295,4,7,0,NA,0
2011,1,17,1,1021,1416,CO,226,N13624,175,160,-3,1,IAH,BWI,1235,4,11,0,NA,0
2011,9,22,4,2250,2348,XE,4584,N14930,58,46,-7,-5,IAH,MSY,305,4,8,0,NA,0
2011,6,25,6,740,1213,CO,332,N36247,213,184,-2,0,IAH,LGA,1416,6,23,0,NA,0
2011,1,6,4,1035,1136,XE,3000,N14925,61,38,-17,-10,IAH,BTR,253,4,19,0,NA,0
2011,8,8,1,1128,1411,OO,1137,N708SK,163,142,-1,-2,IAH,MSP,1034,7,14,0,NA,0
2011,8,31,3,825,947,CO,1574,N76502,202,174,-18,-5,IAH,LAX,1379,16,12,0,NA,0
2011,8,21,7,1030,1409,XE,2504,N14543,159,136,3,0,IAH,CMH,986,8,15,0,NA,0
2011,5,4,3,1854,2229,CO,644,N14219,155,136,-6,-1,IAH,CLE,1091,5,14,0,NA,0
2011,3,8,2,1837,2050,WN,3832,N390SW,133,116,-15,2,HOU,MDW,937,3,14,0,NA,0
2011,1,3,1,555,749,US,270,N156AW,174,156,-3,-5,IAH,PHX,1009,4,14,0,NA,0
2011,11,5,6,1006,1132,WN,1886,N526SW,86,67,2,-4,HOU,TUL,453,3,16,0,NA,0
2011,2,17,4,2011,2126,WN,1504,N728SW,75,64,1,11,HOU,TUL,453,3,8,0,NA,0
2011,6,9,4,601,958,WN,525,N765SW,177,164,-2,1,HOU,BWI,1246,6,7,0,NA,0
2011,4,18,1,1633,1726,WN,35,N636WN,53,44,-9,-2,HOU,MSY,303,4,5,0,NA,0
2011,4,4,1,1835,1925,WN,602,N219WN,50,37,25,30,HOU,SAT,192,4,9,0,NA,0
2011,9,24,6,1920,2302,CO,1688,N17619,162,131,10,10,IAH,DTW,1075,6,25,0,NA,0
2011,8,12,5,1338,1656,XE,3043,N27190,138,118,-4,-7,IAH,IND,844,7,13,0,NA,0
2011,6,30,4,1133,1523,CO,788,N13716,170,147,66,78,IAH,DTW,1076,6,17,0,NA,0
2011,2,19,6,2104,2155,XE,2803,N14933,51,31,-3,-6,IAH,SHV,192,6,14,0,NA,0
2011,5,21,6,1256,1550,OO,1187,N779SK,114,93,-10,-4,IAH,ATL,689,6,15,0,NA,0
2011,2,25,5,1729,2049,US,959,N529AU,140,118,0,-1,IAH,CLT,913,13,9,0,NA,0
2011,4,30,6,1902,2050,XE,2651,N11164,108,87,-2,-3,IAH,MCI,643,6,15,0,NA,0
2011,3,30,3,734,941,UA,242,N503UA,247,222,-14,-4,IAH,SFO,1635,3,22,0,NA,0
2011,6,29,3,1320,1711,XE,2889,N12145,171,149,-9,-5,IAH,ORF,1201,3,19,0,NA,0
2011,2,2,3,1740,1945,CO,1889,N16713,245,216,-16,0,IAH,SMF,1609,4,25,0,NA,0
2011,8,5,5,1025,1434,CO,1527,N37293,189,162,-1,0,IAH,BWI,1235,4,23,0,NA,0
2011,7,28,4,1108,1316,XE,2348,N12564,128,103,24,13,IAH,STL,667,3,22,0,NA,0
2011,3,11,5,1338,1433,XE,2769,N13161,115,97,-13,-10,IAH,ELP,667,3,15,0,NA,0
2011,1,19,3,1249,1627,XE,2105,N16147,158,136,2,-6,IAH,GRR,1042,6,16,0,NA,0
2011,9,21,3,1945,2247,XE,2500,N27190,122,108,-11,-5,IAH,SAV,851,5,9,0,NA,0
2011,2,11,5,1734,2021,XE,2318,N19966,107,84,-7,4,IAH,ATL,689,9,14,0,NA,0
2011,11,18,5,1925,2235,XE,4386,N19554,130,100,19,10,IAH,TYS,771,4,26,0,NA,0
2011,3,18,5,1757,1948,CO,1795,N57862,231,191,12,7,IAH,LAX,1379,12,28,0,NA,0
2011,12,4,7,1909,2046,XE,4658,N15926,97,69,58,59,IAH,BHM,562,8,20,0,NA,0
2011,8,18,4,1141,1250,CO,1052,N75861,189,151,-2,-4,IAH,LAS,1222,13,25,0,NA,0
2011,7,12,2,1749,1851,XE,2212,N15932,62,44,3,-1,IAH,BTR,253,11,7,0,NA,0
2011,2,20,7,1656,1808,XE,2920,N14143,72,60,23,36,IAH,XNA,438,3,9,0,NA,0
2011,12,23,5,1438,1542,WN,980,N465WN,124,111,72,68,HOU,ELP,677,5,8,0,NA,0
2011,2,10,4,902,1035,XE,2079,N12122,93,68,6,2,IAH,MAF,429,6,19,0,NA,0
2011,7,4,1,1332,1647,XE,2715,N18557,135,121,-6,-3,IAH,CAE,878,3,11,0,NA,0
2011,11,6,7,1022,1330,XE,4572,N13133,128,112,-10,-3,IAH,CVG,871,6,10,0,NA,0
2011,12,30,5,749,1045,XE,4341,N12564,116,103,-8,-3,IAH,JAX,817,6,7,0,NA,0
2011,11,11,5,1843,2058,OO,4455,N368CA,195,178,-10,-2,IAH,SLC,1195,5,12,0,NA,0
2011,5,24,2,905,1202,OO,5828,N954SW,117,95,-16,-5,IAH,ATL,689,6,16,0,NA,0
2011,3,11,5,738,847,XE,2557,N12996,69,38,8,-2,IAH,SAT,191,3,28,0,NA,0
2011,6,13,1,1554,2022,CO,632,N76504,208,184,-25,-1,IAH,LGA,1416,5,19,0,NA,0
2011,8,7,7,1803,1902,WN,41,N550WN,179,162,-13,-2,HOU,SAN,1313,8,9,0,NA,0
2011,5,8,7,1728,1755,OO,1193,N727SK,147,132,-4,-2,IAH,TUS,936,3,12,0,NA,0
2011,2,9,3,NA,NA,XE,2800,N11535,NA,NA,NA,NA,IAH,XNA,438,NA,NA,1,B,0
2011,8,12,5,1029,1200,XE,2482,N13133,91,62,8,-1,IAH,GPT,376,4,25,0,NA,0
2011,12,1,4,827,1008,CO,1571,N73283,221,194,-7,-3,IAH,LAX,1379,12,15,0,NA,0
2011,8,2,2,1611,2001,CO,1445,N33264,170,146,23,26,IAH,CLE,1091,5,19,0,NA,0
2011,10,1,6,1748,1812,OO,5197,N743SK,144,126,6,13,IAH,TUS,936,6,12,0,NA,0
2011,6,28,2,1529,1715,WN,1005,N643SW,106,91,105,109,HOU,BNA,670,6,9,0,NA,0
2011,6,30,4,1337,1432,XE,2223,N15932,55,39,43,47,IAH,CRP,201,3,13,0,NA,0
2011,11,17,4,1429,1550,CO,1036,N37413,141,123,-5,4,IAH,DEN,862,8,10,0,NA,0
2011,5,2,1,854,1053,XE,2302,N13970,119,101,10,-1,IAH,BNA,657,6,12,0,NA,0
2011,1,1,6,1249,1349,WN,1830,N359SW,60,49,-6,-1,HOU,JAN,359,4,7,0,NA,0
2011,10,13,4,1129,1336,CO,1693,N37427,247,222,-2,-1,IAH,SFO,1635,7,18,0,NA,0
2011,7,29,5,1026,1241,XE,2482,N14925,135,68,49,-4,IAH,GPT,376,4,63,0,NA,0
2011,2,21,1,734,830,WN,1655,N909WN,56,47,60,64,HOU,MSY,303,3,6,0,NA,0
2011,12,26,1,1415,1507,WN,30,N967WN,52,38,42,45,HOU,DAL,239,6,8,0,NA,0
2011,8,7,7,1819,2201,EV,4989,N709EV,162,137,57,69,IAH,DTW,1075,8,17,0,NA,0
2011,10,12,3,1917,2030,XE,4354,N13949,73,47,-7,-3,IAH,DFW,224,13,13,0,NA,0
2011,10,12,3,1745,1907,CO,1689,N39416,202,174,-6,5,IAH,SAN,1303,3,25,0,NA,0
2011,8,7,7,1535,1651,CO,1798,N16647,76,44,-5,-5,IAH,DFW,224,6,26,0,NA,0
2011,9,3,6,1039,1415,XE,2380,N13968,156,121,35,-1,IAH,AVL,834,4,31,0,NA,0
2011,2,27,7,1129,1437,OO,1121,N789SK,128,105,19,29,IAH,CLT,913,4,19,0,NA,0
2011,4,10,7,1652,1753,CO,763,N75428,61,43,2,7,IAH,MSY,305,3,15,0,NA,0
2011,12,5,1,1139,1302,OO,5181,N760SK,143,115,-1,-1,IAH,COS,809,7,21,0,NA,0
2011,12,8,4,1845,2115,AS,731,N553AS,270,252,-7,15,IAH,SEA,1874,3,15,0,NA,0
2011,11,24,4,839,1146,CO,1279,N17627,127,104,-12,-1,IAH,MCO,854,12,11,0,NA,0
2011,4,4,1,922,1030,OO,1151,N771SK,128,102,23,7,IAH,ELP,667,5,21,0,NA,0
2011,12,17,6,1333,1606,CO,1501,N31412,153,135,10,18,IAH,ORD,925,4,14,0,NA,0
2011,8,23,2,2055,2228,WN,879,N604SW,93,78,-7,15,HOU,BHM,570,3,12,0,NA,0
2011,6,8,3,1630,1748,WN,618,N761RR,198,187,153,160,HOU,LAX,1390,4,7,0,NA,0
2011,8,1,1,1150,1259,CO,1629,N17719,189,160,-20,-5,IAH,SNA,1346,12,17,0,NA,0
2011,4,26,2,1451,1626,WN,1675,N735SA,215,206,21,1,HOU,LAS,1235,3,6,0,NA,0
2011,5,30,1,847,1010,CO,799,N71411,143,117,-7,2,IAH,DEN,862,15,11,0,NA,0
2011,8,19,5,2017,2141,CO,1582,N77430,144,123,66,77,IAH,DEN,862,6,15,0,NA,0
2011,12,27,2,2053,2343,CO,1424,N37422,290,273,26,23,IAH,SEA,1874,5,12,0,NA,0
2011,5,1,7,1814,2251,CO,1540,N33203,217,185,22,24,IAH,EWR,1400,9,23,0,NA,0
2011,10,29,6,1549,1657,XE,4293,N15572,68,49,30,29,IAH,BRO,308,3,16,0,NA,0
2011,8,19,5,1728,1905,XE,2846,N16112,157,139,1,-2,IAH,MTJ,927,4,14,0,NA,0
2011,7,25,1,1651,2051,XE,3019,N11164,180,135,29,6,IAH,CMH,986,5,40,0,NA,0
2011,6,4,6,1139,1408,XE,2995,N26141,149,130,-5,-1,IAH,MSP,1034,6,13,0,NA,0
2011,10,6,4,1953,2139,XE,4674,N21197,106,87,-6,-7,IAH,HSV,595,5,14,0,NA,0
2011,8,25,4,1754,1819,OO,2027,N770SK,145,117,-1,-1,IAH,TUS,936,6,22,0,NA,0
2011,9,21,3,1254,1411,XE,2304,N15941,77,59,-4,-6,IAH,GPT,376,4,14,0,NA,0
2011,8,2,2,733,836,OO,5816,N936SW,63,40,4,-2,IAH,DAL,216,3,20,0,NA,0
2011,12,27,2,1417,1624,OO,4497,N805SK,187,171,-16,-3,IAH,SLC,1195,3,13,0,NA,0
2011,4,11,1,1746,2001,CO,1889,N38268,255,229,11,1,IAH,SMF,1609,4,22,0,NA,0
2011,3,8,2,1333,1653,CO,1763,N75410,140,116,13,8,IAH,PBI,956,8,16,0,NA,0
2011,1,5,3,843,941,CO,1623,N35407,58,44,-12,-2,IAH,MSY,305,3,11,0,NA,0
2011,6,19,7,1300,1555,WN,3418,N743SW,115,102,45,55,HOU,TPA,781,4,9,0,NA,0
2011,4,28,4,2100,2305,OO,1139,N754SK,125,110,2,5,IAH,OMA,781,4,11,0,NA,0
2011,11,3,4,1442,1651,CO,1571,N14250,249,221,6,-3,IAH,SMF,1609,6,22,0,NA,0
2011,5,28,6,739,1103,CO,586,N17104,144,114,3,-6,IAH,MCO,853,5,25,0,NA,0
2011,4,25,1,1546,1943,XE,2492,N11164,177,137,21,1,IAH,RDU,1043,6,34,0,NA,0
2011,7,21,4,848,1218,XE,2670,N16987,150,132,-1,-7,IAH,CLT,912,7,11,0,NA,0
2011,4,11,1,1852,2103,MQ,3717,N507MQ,131,113,3,27,IAH,ORD,925,6,12,0,NA,0
2011,6,29,3,724,1141,CO,835,N16632,197,151,-4,-6,IAH,IAD,1190,15,31,0,NA,0
2011,2,12,6,1804,1954,CO,570,N79402,230,203,-16,9,IAH,SFO,1635,5,22,0,NA,0
2011,4,16,6,844,1119,CO,346,N33266,155,135,-1,-1,IAH,ORD,925,4,16,0,NA,0
2011,2,28,1,924,1135,CO,1495,N56859,251,204,23,-1,IAH,LAX,1379,9,38,0,NA,0
2011,9,2,5,1249,1353,WN,3940,N527SW,64,50,-2,-1,HOU,MSY,302,4,10,0,NA,0
2011,10,26,3,1401,1457,WN,32,N419WN,56,39,-3,1,HOU,DAL,239,6,11,0,NA,0
2011,6,20,1,600,929,OO,5619,N750SK,209,152,57,0,IAH,ORD,925,7,50,0,NA,0
2011,11,13,7,1629,1818,OO,5249,N506CA,109,90,202,209,IAH,MCI,643,5,14,0,NA,0
2011,4,4,1,1132,1227,XE,2407,N14558,55,35,0,-3,IAH,LFT,201,5,15,0,NA,0
2011,10,27,4,1346,1435,WN,30,N337SW,49,36,5,16,HOU,DAL,239,5,8,0,NA,0
2011,8,16,2,2108,2227,XE,2386,N14198,79,62,-22,-12,IAH,TUL,429,3,14,0,NA,0
2011,10,3,1,1137,1236,WN,15,N475WN,179,165,-14,2,HOU,LAS,1235,5,9,0,NA,0
2011,7,19,2,1804,1946,XE,2873,N15941,102,71,-15,-6,IAH,AMA,517,4,27,0,NA,0
2011,5,8,7,2056,2151,WN,60,N348SW,55,42,-4,-4,HOU,DAL,239,3,10,0,NA,0
2011,1,16,7,911,1026,XE,2792,N11150,75,61,5,11,IAH,TUL,429,4,10,0,NA,0
2011,8,2,2,1906,2227,WN,45,N720WN,141,131,-18,-4,HOU,FLL,957,4,6,0,NA,0
2011,11,22,2,720,1132,XE,4602,N11155,192,158,19,0,IAH,DTW,1075,6,28,0,NA,0
2011,6,28,2,1648,1736,WN,295,N436WN,48,40,1,8,HOU,HRL,276,2,6,0,NA,0
2011,9,27,2,1739,1844,CO,1689,N39415,185,169,-8,4,IAH,SAN,1303,3,13,0,NA,0
2011,11,26,6,714,1104,CO,1167,N78524,170,144,-6,-1,IAH,BWI,1235,5,21,0,NA,0
2011,10,10,1,1855,2157,FL,296,N923AT,122,103,27,18,HOU,ATL,696,11,8,0,NA,0
2011,6,23,4,2002,2102,WN,332,N227WN,120,102,27,27,HOU,ABQ,759,8,10,0,NA,0
2011,4,6,3,645,731,WN,632,N230WN,46,32,-4,0,HOU,AUS,148,5,9,0,NA,0
2011,12,19,1,1757,1946,XE,4117,N15948,109,89,25,12,IAH,BHM,562,4,16,0,NA,0
2011,5,24,2,928,1240,WN,5,N229WN,132,120,-5,3,HOU,FLL,957,6,6,0,NA,0
2011,5,19,4,659,754,WN,877,N392SW,55,43,4,9,HOU,MSY,303,4,8,0,NA,0
2011,8,27,6,1803,1900,OO,2031,N744SK,117,85,3,-7,IAH,ELP,667,3,29,0,NA,0
2011,12,11,7,1420,1720,XE,4151,N12195,120,101,-4,5,IAH,LEX,828,4,15,0,NA,0
2011,11,1,2,643,1024,CO,1174,N75432,161,139,-6,-2,IAH,CLE,1091,6,16,0,NA,0
2011,8,31,3,2053,2114,CO,1591,N76254,141,127,-23,3,IAH,PHX,1009,4,10,0,NA,0
2011,3,6,7,1852,2202,XE,3128,N11137,130,114,4,-3,IAH,SDF,788,4,12,0,NA,0
2011,11,1,2,1455,1617,CO,1628,N33286,202,184,-2,0,IAH,SAN,1303,3,15,0,NA,0
2011,4,11,1,1534,1651,CO,6,N19638,77,37,14,-1,IAH,SAT,191,6,34,0,NA,0
2011,6,12,7,1200,1502,FL,286,N939AT,122,95,15,16,HOU,ATL,696,18,9,0,NA,0
2011,5,6,5,1707,1759,WN,2218,N394SW,52,38,4,7,HOU,SAT,192,4,10,0,NA,0
2011,3,7,1,1859,2228,CO,1451,N32626,149,119,4,-1,IAH,CLT,913,9,21,0,NA,0
2011,6,21,2,2140,2348,WN,2525,N224WN,128,117,28,45,HOU,MDW,937,5,6,0,NA,0
2011,2,5,6,1529,1648,CO,275,N76503,139,121,-13,-1,IAH,DEN,862,6,12,0,NA,0
2011,2,24,4,2058,2327,CO,1644,N37281,269,249,21,8,IAH,SMF,1609,5,15,0,NA,0
2011,12,11,7,959,1053,WN,16,N619SW,54,43,-7,-1,HOU,DAL,239,2,9,0,NA,0
2011,11,25,5,1923,2248,CO,1523,N26215,145,120,1,-2,IAH,PBI,956,5,20,0,NA,0
2011,9,27,2,1326,1656,XE,2428,N11551,150,117,1,-9,IAH,CVG,871,9,24,0,NA,0
2011,12,2,5,1642,1756,XE,4452,N15926,74,56,-4,-3,IAH,GPT,376,5,13,0,NA,0
2011,11,26,6,1402,1516,WN,1514,N254WN,74,59,11,22,HOU,TUL,453,5,10,0,NA,0
2011,10,6,4,722,947,CO,1006,N39416,145,122,-15,-3,IAH,ORD,925,6,17,0,NA,0
2011,7,23,6,1737,1835,WN,224,N318SW,58,44,50,47,HOU,HRL,276,3,11,0,NA,0
2011,12,12,1,1617,1811,WN,1050,N339SW,114,102,16,22,HOU,STL,687,3,9,0,NA,0
2011,12,15,4,1823,1955,XE,4097,N14939,92,76,26,38,IAH,AMA,517,4,12,0,NA,0
2011,9,3,6,1414,1803,UA,552,N814UA,169,147,2,10,IAH,IAD,1190,8,14,0,NA,0
2011,3,18,5,1406,1711,XE,2380,N11193,125,106,-2,-4,IAH,AVL,834,5,14,0,NA,0
2011,8,10,3,1500,1556,WN,36,N626SW,56,42,-4,0,HOU,DAL,239,4,10,0,NA,0
2011,3,16,3,1748,1923,XE,2945,N16954,95,76,-12,-7,IAH,BHM,562,3,16,0,NA,0
2011,9,18,7,1922,2005,WN,262,N412WN,163,144,190,192,HOU,PHX,1020,6,13,0,NA,0
2011,3,9,3,1536,1918,XE,2492,N22971,162,142,4,-4,IAH,RDU,1043,5,15,0,NA,0
2011,8,15,1,1857,1950,XE,2731,N17928,53,34,0,2,IAH,SHV,192,6,13,0,NA,0
2011,3,18,5,1615,1902,XE,2122,N16147,167,135,9,0,IAH,MSP,1034,7,25,0,NA,0
2011,8,24,3,2127,2230,XE,2257,N21130,123,99,21,7,IAH,ELP,667,6,18,0,NA,0
2011,2,13,7,1703,1755,WN,37,N523SW,52,46,-10,-2,HOU,MSY,303,2,4,0,NA,0
2011,8,15,1,2118,2246,XE,2493,N21197,88,74,-11,-2,IAH,ICT,542,3,11,0,NA,0
2011,6,2,4,1345,1456,XE,2048,N15932,71,57,-6,0,IAH,OKC,395,3,11,0,NA,0
2011,8,2,2,1138,1217,WN,3744,N962WN,39,30,-8,-2,HOU,CRP,187,3,6,0,NA,0
2011,4,6,3,1735,1837,OO,1185,N743SK,122,103,8,-5,IAH,ELP,667,4,15,0,NA,0
2011,12,3,6,1008,1325,CO,1552,N27733,137,123,-27,-2,IAH,DTW,1075,5,9,0,NA,0
2011,12,26,1,1025,1508,CO,1134,N14628,223,192,-2,0,IAH,BOS,1597,12,19,0,NA,0
2011,7,9,6,857,1051,WN,3958,N613SW,114,103,-4,2,HOU,STL,687,4,7,0,NA,0
2011,2,19,6,2107,2254,XE,2364,N12145,107,89,-5,-3,IAH,MCI,643,4,14,0,NA,0
2011,11,27,7,616,733,WN,1609,N926WN,137,121,-12,1,HOU,DEN,883,7,9,0,NA,0
2011,2,25,5,1726,1919,WN,1557,N703SW,233,215,124,121,HOU,LAX,1390,6,12,0,NA,0
2011,10,16,7,1204,1332,F9,777,N938FR,148,131,7,1,HOU,DEN,883,7,10,0,NA,0
2011,6,12,7,1923,2103,XE,2873,N16919,100,78,30,43,IAH,AMA,519,6,16,0,NA,0
2011,5,15,7,1953,2116,WN,453,N731SA,143,130,1,18,HOU,DEN,883,6,7,0,NA,0
2011,6,7,2,1551,1719,CO,275,N14604,148,120,-4,1,IAH,DEN,862,7,21,0,NA,0
2011,2,20,7,1733,2025,FL,292,N996AT,112,90,5,0,HOU,ATL,696,14,8,0,NA,0
2011,2,17,4,1107,1247,WN,1535,N280WN,220,205,17,27,HOU,LAX,1390,4,11,0,NA,0
2011,11,1,2,1355,1712,XE,4431,N14573,137,115,-8,-5,IAH,CHS,925,6,16,0,NA,0
2011,8,7,7,708,907,OO,4484,N807SK,179,165,-3,8,IAH,SLC,1195,5,9,0,NA,0
2011,7,15,5,1229,1538,WN,926,N445WN,129,114,3,-1,HOU,JAX,816,7,8,0,NA,0
2011,11,21,1,1904,2145,WN,258,N716SW,101,89,-15,-1,HOU,TPA,781,4,8,0,NA,0
2011,11,10,4,1638,1754,XE,4222,N15932,76,59,-10,-7,IAH,LIT,374,4,13,0,NA,0
2011,10,12,3,559,738,MQ,3265,N632MQ,99,71,33,-1,HOU,DFW,247,8,20,0,NA,0
2011,5,21,6,1048,1426,XE,2599,N15555,158,131,9,-10,IAH,CLT,913,4,23,0,NA,0
2011,5,10,2,1219,1312,AA,1698,N584AA,53,44,-8,14,IAH,DFW,224,2,7,0,NA,0
2011,2,26,6,1133,1412,XE,2041,N12201,159,123,22,3,IAH,MKE,984,6,30,0,NA,0
2011,4,13,3,1411,1731,OO,5814,N936SW,140,118,3,1,IAH,CLT,913,3,19,0,NA,0
2011,9,29,4,1207,1300,WN,24,N521SW,53,41,0,7,HOU,DAL,239,4,8,0,NA,0
2011,7,28,4,2036,2151,CO,1421,N75854,195,173,-5,6,IAH,LAX,1379,11,11,0,NA,0
2011,10,18,2,700,923,WN,710,N914WN,143,116,3,10,HOU,MDW,937,17,10,0,NA,0
2011,11,16,3,1001,1146,XE,4190,N13903,105,93,24,36,IAH,MCI,643,4,8,0,NA,0
2011,4,12,2,1611,1836,CO,1750,N54241,265,248,25,11,IAH,SFO,1635,6,11,0,NA,0
2011,9,6,2,1308,1547,XE,2299,N12567,159,141,8,3,IAH,MKE,984,5,13,0,NA,0
2011,11,10,4,1812,1929,XE,4573,N14943,77,49,6,-3,IAH,HRL,295,5,23,0,NA,0
2011,7,27,3,1942,2124,WN,164,N937WN,222,206,-6,2,HOU,OAK,1642,5,11,0,NA,0
2011,10,24,1,1012,1145,XE,4480,N31131,93,77,-12,-3,IAH,BHM,562,4,12,0,NA,0
2011,4,25,1,1626,1953,XE,2728,N18556,147,100,24,-6,IAH,TYS,772,3,44,0,NA,0
2011,3,24,4,1249,1605,XE,2841,N22909,136,117,-5,-1,IAH,DAY,929,5,14,0,NA,0
2011,11,25,5,1327,1754,CO,1576,N37274,207,182,14,17,IAH,EWR,1400,11,14,0,NA,0
2011,11,4,5,1821,1928,XE,4410,N13936,67,48,-9,-4,IAH,BRO,308,5,14,0,NA,0
2011,8,27,6,1614,1725,XE,2561,N13935,71,57,1,-1,IAH,JAN,351,4,10,0,NA,0
2011,5,15,7,1323,1629,WN,369,N653SW,126,108,-1,8,HOU,MCO,848,8,10,0,NA,0
2011,8,21,7,1059,1125,XE,2489,N14168,86,65,-15,-1,IAH,HOB,501,4,17,0,NA,0
2011,7,1,5,1937,2246,CO,1662,N35407,129,111,6,17,IAH,RSW,861,4,14,0,NA,0
2011,7,18,1,1939,2310,CO,1042,N78509,151,124,-7,-1,IAH,MIA,964,8,19,0,NA,0
2011,7,22,5,2127,2218,XE,2261,N16559,51,35,0,7,IAH,AEX,190,3,13,0,NA,0
2011,1,1,6,1152,1419,CO,1620,N37293,207,171,33,5,IAH,PHX,1009,6,30,0,NA,0
2011,1,17,1,1201,1447,XE,2270,N11194,166,149,32,31,IAH,MSP,1034,4,13,0,NA,0
2011,7,17,7,722,1106,XE,2240,N11164,164,146,17,7,IAH,RDU,1042,9,9,0,NA,0
2011,8,17,3,1543,1651,CO,1478,N24706,68,41,-4,3,IAH,DFW,224,7,20,0,NA,0
2011,4,7,4,837,1207,US,1168,N424US,150,124,-4,-8,IAH,CLT,913,13,13,0,NA,0
2011,3,23,3,1304,1553,DL,1540,N777NC,109,91,-8,4,HOU,ATL,696,6,12,0,NA,0
2011,7,30,6,1806,2019,CO,1015,N13248,253,230,19,22,IAH,PDX,1825,4,19,0,NA,0
2011,8,31,3,1403,1751,UA,552,N838UA,168,149,1,8,IAH,IAD,1190,9,10,0,NA,0
2011,1,27,4,1149,1245,XE,2895,N17928,56,40,-6,-1,IAH,CRP,201,4,12,0,NA,0
2011,5,18,3,740,923,MQ,3762,N517MQ,223,197,-2,-5,IAH,LAX,1379,6,20,0,NA,0
2011,6,30,4,1008,1115,XE,3060,N13968,67,56,-14,-2,IAH,OKC,395,3,8,0,NA,0
2011,10,8,6,1056,1253,XE,4605,N16546,117,99,1,1,IAH,STL,667,6,12,0,NA,0
2011,9,15,4,NA,NA,XE,2207,N16183,NA,NA,NA,NA,IAH,HRL,295,NA,NA,1,A,0
2011,3,21,1,729,849,UA,109,N445UA,140,116,-25,-1,IAH,DEN,862,7,17,0,NA,0
2011,9,22,4,2117,2217,XE,4608,N13975,60,46,-6,-3,IAH,HRL,295,3,11,0,NA,0
2011,11,19,6,1915,2253,CO,1074,N74856,158,129,14,15,IAH,CLE,1091,9,20,0,NA,0
2011,8,14,7,921,1112,CO,1407,N38417,231,207,2,6,IAH,SJC,1608,6,18,0,NA,0
2011,2,7,1,1014,1336,AA,1700,N3BCAA,142,107,-4,-6,IAH,MIA,964,12,23,0,NA,0
2011,2,26,6,1746,1931,CO,520,N39423,165,148,-8,1,IAH,PHX,1009,5,12,0,NA,0
2011,2,14,1,947,1141,WN,359,N332SW,114,102,-4,-3,HOU,STL,687,3,9,0,NA,0
2011,3,9,3,1405,1707,XE,2405,N11109,122,103,-14,-10,IAH,LEX,828,9,10,0,NA,0
2011,3,25,5,723,829,CO,128,N35407,66,48,-4,-7,IAH,MSY,305,3,15,0,NA,0
2011,5,7,6,1731,1836,CO,397,N75432,185,166,-16,-4,IAH,LAS,1222,7,12,0,NA,0
2011,9,9,5,1818,1922,XE,2109,N15941,64,47,-5,-2,IAH,HRL,295,3,14,0,NA,0
2011,8,31,3,1135,1535,CO,1560,N32626,180,157,-10,5,IAH,IAD,1190,11,12,0,NA,0
2011,9,16,5,1246,1335,XE,2223,N13935,49,37,-12,-4,IAH,CRP,201,4,8,0,NA,0
2011,3,11,5,1928,2029,XE,2481,N14171,61,38,-2,-2,IAH,CRP,201,4,19,0,NA,0
2011,6,17,5,1446,1619,XE,2592,N14125,93,65,7,-1,IAH,TUL,429,5,23,0,NA,0
2011,12,4,7,1038,1213,WN,1662,N658SW,95,82,-7,3,HOU,BNA,670,5,8,0,NA,0
2011,10,19,3,1945,2026,WN,1449,N228WN,161,149,-4,0,HOU,PHX,1020,6,6,0,NA,0
2011,3,22,2,730,839,WN,1076,N515SW,129,116,-6,0,HOU,ABQ,759,7,6,0,NA,0
2011,1,5,3,759,901,XE,2189,N14938,62,40,0,-1,IAH,DAL,217,6,16,0,NA,0
2011,2,25,5,1938,2308,WN,45,N767SW,150,136,18,43,HOU,BWI,1246,5,9,0,NA,0
2011,11,5,6,1749,1851,OO,5245,N928SW,122,96,10,-1,IAH,ELP,667,4,22,0,NA,0
2011,12,12,1,905,1041,CO,1724,N78524,216,193,-2,5,IAH,SNA,1346,2,21,0,NA,0
2011,9,25,7,1732,1831,XE,2212,N13929,59,41,1,2,IAH,BTR,253,7,11,0,NA,0
2011,3,29,2,2051,2157,OO,1150,N771SK,126,107,-14,-9,IAH,ABQ,744,5,14,0,NA,0
2011,6,17,5,1751,1909,WN,512,N405WN,198,177,14,1,HOU,LAS,1235,13,8,0,NA,0
2011,12,11,7,1920,2142,XE,4268,N14168,142,128,12,0,IAH,CID,845,4,10,0,NA,0
2011,2,27,7,845,1037,OO,1166,N783SK,172,159,32,31,IAH,PHX,1009,2,11,0,NA,0
2011,9,8,4,915,1057,XE,2302,N11536,102,89,-10,0,IAH,BNA,657,3,10,0,NA,0
2011,6,18,6,726,842,XE,2132,N14939,76,59,-5,-4,IAH,LIT,374,7,10,0,NA,0
2011,2,6,7,1603,1835,DL,8,N3769L,92,76,-28,4,IAH,ATL,689,5,11,0,NA,0
2011,2,8,2,2058,2146,XE,2803,N14177,48,36,-12,-7,IAH,SHV,192,4,8,0,NA,0
2011,4,27,3,1846,2004,WN,226,N715SW,198,184,19,16,HOU,LAS,1235,4,10,0,NA,0
2011,3,28,1,1437,1527,XE,2631,N15932,50,31,-6,-2,IAH,LFT,201,5,14,0,NA,0
2011,2,4,5,NA,NA,CO,534,NA,NA,NA,NA,NA,IAH,PIT,1117,NA,NA,1,B,0
2011,5,16,1,1039,1413,XE,2659,N21129,154,131,-4,-1,IAH,RDU,1043,7,16,0,NA,0
2011,1,2,7,1613,1851,OO,6319,N728SK,158,114,241,234,IAH,ORD,925,27,17,0,NA,0
2011,12,31,6,733,1213,CO,1165,N73406,220,187,-1,3,IAH,BOS,1597,12,21,0,NA,0
2011,4,2,6,1923,2030,WN,3973,N909WN,127,107,-10,-2,HOU,ABQ,759,13,7,0,NA,0
2011,12,13,2,1933,2248,XE,4349,N22909,135,116,-10,-2,IAH,CLT,912,5,14,0,NA,0
2011,9,16,5,2144,2330,MQ,3328,N689MQ,106,67,170,129,HOU,DFW,247,21,18,0,NA,0
2011,1,20,4,1436,1813,CO,1844,N15712,157,126,-8,1,IAH,CLE,1091,8,23,0,NA,0
2011,12,6,2,1620,1930,CO,1688,N27722,130,110,-45,0,IAH,DTW,1075,7,13,0,NA,0
2011,1,16,7,1535,1634,CO,35,N17620,59,37,6,0,IAH,AUS,140,6,16,0,NA,0
2011,6,30,4,2051,2153,CO,595,N57869,182,162,-1,21,IAH,LAX,1379,10,10,0,NA,0
2011,6,14,2,1144,1320,CO,499,N74856,156,124,10,-1,IAH,DEN,862,18,14,0,NA,0
2011,7,17,7,858,1000,XE,2807,N15983,62,34,11,-2,IAH,SAT,191,2,26,0,NA,0
2011,12,1,4,1042,1344,CO,1656,N73299,122,96,-3,-3,IAH,TPA,787,7,19,0,NA,0
2011,11,14,1,1803,1934,OO,5246,N941SW,91,67,-3,-2,IAH,MAF,429,4,20,0,NA,0
2011,12,23,5,1559,1706,CO,1031,N39728,67,39,1,14,IAH,DFW,224,8,20,0,NA,0
2011,12,21,3,1910,2130,CO,1033,N78511,260,222,12,20,IAH,SFO,1635,13,25,0,NA,0
2011,1,27,4,1540,1635,XE,2809,N14938,55,41,-1,3,IAH,CRP,201,3,11,0,NA,0
2011,7,10,7,2052,2247,CO,1463,N87527,175,153,-14,-3,IAH,SLC,1195,4,18,0,NA,0
2011,4,29,5,2300,2400,XE,2450,N13958,60,41,6,-5,IAH,SAT,191,4,15,0,NA,0
2011,10,14,5,2006,2303,XE,4593,N17984,117,103,6,11,IAH,JAX,817,4,10,0,NA,0
2011,9,25,7,854,944,OO,2060,N760SK,110,89,-1,-1,IAH,ELP,667,3,18,0,NA,0
2011,3,24,4,1648,1801,XE,2705,N13949,73,55,22,20,IAH,GPT,376,4,14,0,NA,0
2011,3,2,3,1416,1535,XE,2097,N41104,139,124,-4,-4,IAH,COS,809,6,9,0,NA,0
2011,1,11,2,1457,1648,US,269,N819AW,171,150,-6,-3,IAH,PHX,1009,3,18,0,NA,0
2011,12,20,2,2136,2328,CO,1644,N37409,232,208,8,31,IAH,SMF,1609,8,16,0,NA,0
2011,4,3,7,1553,1924,OO,5814,N975SW,151,128,116,103,IAH,CLT,913,5,18,0,NA,0
2011,8,9,2,1411,1534,XE,2427,N14930,83,69,-7,-4,IAH,LBB,458,4,10,0,NA,0
2011,8,9,2,2027,2203,XE,2938,N11127,96,81,2,17,IAH,HSV,595,5,10,0,NA,0
2011,12,23,5,811,952,WN,473,N261WN,101,88,-3,11,HOU,STL,687,5,8,0,NA,0
2011,9,21,3,1338,1753,WN,23,N656SW,195,179,3,8,HOU,PHL,1336,8,8,0,NA,0
2011,1,13,4,1322,1428,CO,379,N17640,66,40,6,2,IAH,SAT,191,5,21,0,NA,0
2011,11,7,1,1829,2031,MQ,3717,N543MQ,122,109,-29,4,IAH,ORD,925,4,9,0,NA,0
2011,7,29,5,709,819,XE,2525,N11155,70,54,-15,-6,IAH,GPT,376,3,13,0,NA,0
2011,1,22,6,1417,1554,XE,2336,N27962,97,81,1,-3,IAH,ICT,542,3,13,0,NA,0
2011,4,29,5,1323,1411,WN,2170,N430WN,168,150,6,3,HOU,PHX,1020,6,12,0,NA,0
2011,8,8,1,1711,2012,CO,1546,N14231,181,140,62,41,IAH,ORD,925,23,18,0,NA,0
2011,7,13,3,1311,1438,XE,2174,N14162,87,72,5,6,IAH,PNS,489,3,12,0,NA,0
2011,3,8,2,1946,2246,XE,2597,N24128,120,102,-5,1,IAH,SAV,851,3,15,0,NA,0
2011,6,23,4,1258,1432,XE,2824,N14945,94,79,-4,3,IAH,BHM,562,3,12,0,NA,0
2011,9,22,4,1320,1414,CO,1659,N35260,54,34,-10,-5,IAH,SAT,191,3,17,0,NA,0
2011,12,15,4,1829,2251,CO,1658,N16648,202,163,37,44,IAH,LGA,1416,8,31,0,NA,0
2011,7,10,7,1007,1323,XE,2036,N14568,136,115,11,2,IAH,JAX,817,6,15,0,NA,0
2011,8,17,3,657,1035,US,1696,N452UW,158,134,4,-3,IAH,CLT,912,6,18,0,NA,0
2011,9,29,4,1630,1925,CO,1497,N77258,175,46,103,-5,IAH,MSY,305,4,125,0,NA,0
2011,3,3,4,1256,1400,AA,1505,N573AA,64,44,35,46,IAH,DFW,224,6,14,0,NA,0
2011,5,23,1,1700,1751,WN,104,N506SW,51,33,6,0,HOU,AUS,148,6,12,0,NA,0
2011,4,23,6,854,1006,AA,2002,N548AA,72,49,-9,-11,IAH,DFW,224,7,16,0,NA,0
2011,4,30,6,1638,1812,XE,2840,N13989,94,80,12,0,IAH,PNS,489,4,10,0,NA,0
2011,3,17,4,2112,2212,XE,2515,N14933,60,47,-12,-8,IAH,HRL,295,4,9,0,NA,0
2011,12,4,7,1117,1255,XE,4640,N14933,98,80,-2,-2,IAH,AMA,517,4,14,0,NA,0
2011,2,18,5,1243,1649,CO,1836,N26210,186,169,-3,8,IAH,PHL,1324,6,11,0,NA,0
2011,3,18,5,731,1134,CO,404,N38443,183,153,6,-4,IAH,IAD,1190,6,24,0,NA,0
2011,11,26,6,1103,1206,XE,4302,N14116,123,77,36,-2,IAH,HOB,501,3,43,0,NA,0
2011,4,3,7,1558,1831,CO,1750,N78285,273,223,20,-2,IAH,SFO,1635,6,44,0,NA,0
2011,4,24,7,1033,1340,CO,1420,N16647,127,97,22,18,IAH,ATL,689,6,24,0,NA,0
2011,4,4,1,1922,2028,WN,676,N935WN,186,173,33,57,HOU,LAS,1235,3,10,0,NA,0
2011,10,8,6,910,1017,XE,4193,N16927,67,43,1,-5,IAH,BTR,253,9,15,0,NA,0
2011,6,30,4,1924,2029,XE,2899,N15948,65,41,0,4,IAH,MLU,262,4,20,0,NA,0
2011,2,25,5,1439,1611,CO,599,N75858,152,121,11,14,IAH,DEN,862,6,25,0,NA,0
2011,1,9,7,NA,NA,XE,3105,NA,NA,NA,NA,NA,IAH,LIT,374,NA,NA,1,B,0
2011,4,8,5,839,1115,CO,1746,N56859,156,130,72,74,IAH,ORD,925,7,19,0,NA,0
2011,6,17,5,1644,1742,CO,6,N25705,58,41,72,74,IAH,SAT,191,2,15,0,NA,0
2011,6,18,6,933,1216,CO,1767,N37420,283,257,20,3,IAH,SEA,1874,7,19,0,NA,0
2011,7,23,6,1802,1903,CO,1547,N15712,181,165,-23,-3,IAH,SNA,1346,5,11,0,NA,0
2011,8,11,4,616,738,F9,225,N922FR,142,122,8,1,HOU,DEN,883,8,12,0,NA,0
2011,8,20,6,1921,2131,CO,1667,N31412,250,229,4,16,IAH,SEA,1874,7,14,0,NA,0
2011,4,6,3,731,826,WN,6,N213WN,55,44,-4,1,HOU,DAL,239,4,7,0,NA,0
2011,9,2,5,1000,1259,WN,7,N456WN,119,108,-6,0,HOU,TPA,781,5,6,0,NA,0
2011,12,26,1,1039,1400,CO,1592,N34222,141,118,-8,-1,IAH,FLL,965,5,18,0,NA,0
2011,6,13,1,2017,2141,XE,2280,N13913,84,69,5,17,IAH,PNS,489,3,12,0,NA,0
2011,8,11,4,1557,1715,WN,715,N645SW,78,65,10,7,HOU,OKC,419,4,9,0,NA,0
2011,10,2,7,853,1011,XE,4250,N13935,78,67,-12,-2,IAH,LBB,458,4,7,0,NA,0
2011,10,1,6,1137,1253,CO,1023,N75410,136,116,-9,-5,IAH,DEN,862,9,11,0,NA,0
2011,7,1,5,2118,2207,CO,1832,N37298,49,27,-4,3,IAH,AUS,140,8,14,0,NA,0
2011,7,23,6,1658,1721,OO,1156,N701SK,143,127,18,23,IAH,PHX,1009,4,12,0,NA,0
2011,4,28,4,1138,1435,CO,1656,N14604,117,98,18,33,IAH,TPA,787,4,15,0,NA,0
2011,9,1,4,1423,1507,WN,27,N773SA,44,33,-8,-2,HOU,CRP,187,4,7,0,NA,0
2011,4,16,6,1122,1300,XE,3152,N17928,98,78,7,-3,IAH,AMA,519,5,15,0,NA,0
2011,7,5,2,1210,1259,XE,2407,N17928,49,33,-12,-5,IAH,LFT,201,5,11,0,NA,0
2011,5,7,6,834,931,WN,1712,N773SA,57,43,-4,-1,HOU,MSY,303,3,11,0,NA,0
2011,4,15,5,2108,2315,XE,2976,N12921,127,109,13,-2,IAH,MCI,643,3,15,0,NA,0
2011,9,9,5,937,1112,OO,2040,N751SK,215,199,-23,-8,IAH,BFL,1428,3,13,0,NA,0
2011,8,1,1,1534,1629,WN,763,N521SW,175,156,-11,4,HOU,LAS,1235,11,8,0,NA,0
2011,6,29,3,1811,2038,CO,667,N37422,267,243,43,41,IAH,SEA,1874,3,21,0,NA,0
2011,9,9,5,1221,1551,CO,1650,N46625,150,121,2,-4,IAH,CLT,912,10,19,0,NA,0
2011,1,21,5,1627,1742,XE,2705,N14939,75,53,4,2,IAH,GPT,376,5,17,0,NA,0
2011,5,13,5,1809,1956,CO,1511,N13750,227,199,17,4,IAH,SNA,1347,6,22,0,NA,0
2011,12,4,7,1431,1851,UA,552,N406UA,200,135,52,27,IAH,IAD,1190,5,60,0,NA,0
2011,1,6,4,955,1118,WN,3926,N356SW,143,128,8,0,HOU,ABQ,759,3,12,0,NA,0
2011,8,4,4,1048,1327,CO,1646,N17244,159,133,21,18,IAH,ORD,925,12,14,0,NA,0
2011,8,4,4,1741,2006,CO,1789,N39418,265,236,9,11,IAH,SEA,1874,7,22,0,NA,0
2011,6,22,3,1257,1522,XE,2174,N16561,145,87,57,2,IAH,PNS,489,4,54,0,NA,0
2011,10,15,6,918,1300,EV,5386,N131EV,162,142,-7,-2,IAH,DTW,1075,8,12,0,NA,0
2011,10,16,7,1410,1506,WN,165,N708SW,56,42,6,10,HOU,HRL,277,2,12,0,NA,0
2011,11,24,4,1023,1417,CO,1527,N73276,174,158,2,3,IAH,BWI,1235,6,10,0,NA,0
2011,1,3,1,1520,1644,XE,2316,N11121,144,118,4,-1,IAH,COS,809,4,22,0,NA,0
2011,12,29,4,2041,2352,XE,4573,N14905,131,109,2,6,IAH,SDF,788,7,15,0,NA,0
2011,1,23,7,903,1016,XE,2453,N13964,73,53,-3,-7,IAH,BRO,308,5,15,0,NA,0
2011,4,14,4,830,932,WN,1,N746SW,62,49,-8,0,HOU,JAN,359,4,9,0,NA,0
2011,11,17,4,1225,1355,F9,145,N922FR,150,129,8,0,HOU,DEN,883,12,9,0,NA,0
2011,3,6,7,553,733,OO,6636,N772SK,160,142,5,-7,IAH,DEN,862,7,11,0,NA,0
2011,8,3,3,1731,2011,UA,439,N561UA,160,120,11,1,IAH,ORD,925,28,12,0,NA,0
2011,5,11,3,1125,1240,WN,795,N709SW,195,185,95,105,HOU,SAN,1312,4,6,0,NA,0
2011,11,28,1,1330,1725,CO,1572,N14645,175,139,27,10,IAH,RDU,1042,6,30,0,NA,0
2011,9,12,1,910,1212,OO,5808,N948SW,122,101,-12,-5,IAH,ATL,689,4,17,0,NA,0
2011,11,27,7,2255,33,XE,4687,N14933,98,84,-8,-5,IAH,AMA,517,4,10,0,NA,0
2011,7,30,6,1617,1840,CO,1622,N54711,143,126,22,47,IAH,ORD,925,5,12,0,NA,0
2011,8,24,3,623,721,WN,1839,N936WN,58,46,-4,-2,HOU,MSY,302,4,8,0,NA,0
2011,11,14,1,1744,1840,WN,261,N633SW,116,101,15,19,HOU,ELP,677,4,11,0,NA,0
2011,1,30,7,1349,1632,XE,2599,N11109,163,139,1,-1,IAH,MSP,1034,8,16,0,NA,0
2011,4,27,3,1925,2307,XE,2027,N12166,162,123,15,5,IAH,GRR,1042,5,34,0,NA,0
2011,6,26,7,2155,2245,XE,2009,N14943,50,39,19,35,IAH,BTR,253,5,6,0,NA,0
2011,7,5,2,1903,2136,OO,1179,N746SK,153,128,4,8,IAH,MKE,984,11,14,0,NA,0
2011,5,10,2,1249,1352,XE,2189,N14116,63,46,4,-1,IAH,BTR,253,4,13,0,NA,0
2011,12,7,3,902,1012,OO,5157,N789SK,130,103,-8,-3,IAH,ABQ,744,4,23,0,NA,0
2011,12,6,2,1537,1836,DL,8,N347NB,119,94,-5,1,IAH,ATL,689,7,18,0,NA,0
2011,12,2,5,1755,1959,CO,1249,N73256,244,220,-8,5,IAH,SJC,1608,4,20,0,NA,0
2011,4,1,5,1243,1443,OO,1191,N770SK,180,166,-13,3,IAH,SLC,1195,3,11,0,NA,0
2011,12,19,1,1644,1742,WN,1300,N926WN,58,46,2,9,HOU,MSY,302,3,9,0,NA,0
2011,1,31,1,1543,1948,CO,632,N12238,185,166,-25,-2,IAH,LGA,1416,5,14,0,NA,0
2011,9,23,5,2116,2155,XE,2349,N11164,99,88,-19,-4,IAH,ELP,667,3,8,0,NA,0
2011,2,21,1,1523,1628,XE,2069,N12946,65,53,-2,3,IAH,LRD,301,3,9,0,NA,0
2011,3,5,6,1814,2120,AS,731,N622AS,306,279,10,-11,IAH,SEA,1874,6,21,0,NA,0
2011,3,2,3,900,1013,XE,2176,N14125,133,115,-5,-5,IAH,ABQ,744,5,13,0,NA,0
2011,7,2,6,732,1130,CO,1773,N62631,178,154,4,-3,IAH,CLE,1091,9,15,0,NA,0
2011,11,25,5,1256,1350,CO,1550,N11612,54,27,0,1,IAH,AUS,140,6,21,0,NA,0
2011,5,13,5,1917,2010,WN,720,N918WN,173,157,15,7,HOU,PHX,1020,6,10,0,NA,0
2011,5,18,3,721,1104,OO,1177,N703SK,163,144,2,1,IAH,DTW,1076,5,14,0,NA,0
2011,7,19,2,735,1151,CO,1475,N16648,196,167,6,5,IAH,IAD,1190,14,15,0,NA,0
2011,12,25,7,1840,2027,CO,1181,N75435,227,206,22,65,IAH,SFO,1635,10,11,0,NA,0
2011,5,3,2,941,1111,WN,795,N278WN,210,191,6,1,HOU,SAN,1312,3,16,0,NA,0
2011,2,19,6,1602,1933,CO,558,N36207,151,134,-23,-3,IAH,DCA,1208,7,10,0,NA,0
2011,11,26,6,1129,1424,OO,5216,N779SK,175,127,9,-1,IAH,MSP,1034,4,44,0,NA,0
2011,4,29,5,2129,2301,CO,1597,N35260,212,191,17,14,IAH,ONT,1334,6,15,0,NA,0
2011,6,13,1,1718,1839,EV,5393,N682BR,81,70,39,58,IAH,MEM,469,3,8,0,NA,0
2011,11,7,1,1000,1141,XE,4578,N10575,101,88,-10,-5,IAH,HSV,595,5,8,0,NA,0
2011,10,13,4,1332,1417,WN,2622,N310SW,105,93,-3,7,HOU,ELP,677,3,9,0,NA,0
2011,4,29,5,1421,1734,XE,2198,N13118,133,120,0,6,IAH,CRW,975,4,9,0,NA,0
2011,10,20,4,1119,1302,XE,4172,N14937,103,84,3,-3,IAH,AMA,517,7,12,0,NA,0
2011,6,11,6,1804,1859,XE,2212,N16944,55,42,14,14,IAH,BTR,253,5,8,0,NA,0
2011,2,14,1,1932,2059,CO,1099,N57864,147,120,27,32,IAH,DEN,862,7,20,0,NA,0
2011,5,5,4,1023,1248,CO,1646,N37298,145,122,-5,3,IAH,ORD,925,7,16,0,NA,0
2011,3,31,4,1319,1409,CO,241,N16732,50,32,-3,-1,IAH,AUS,140,5,13,0,NA,0
2011,11,5,6,1944,2305,XE,4243,N14543,141,124,-13,2,IAH,CMH,986,5,12,0,NA,0
2011,2,13,7,607,730,F9,143,N904FR,143,126,-6,-8,HOU,DEN,883,10,7,0,NA,0
2011,3,6,7,1312,1437,XE,2213,N16944,85,73,-7,-8,IAH,XNA,438,3,9,0,NA,0
2011,10,16,7,852,1018,XE,4250,N14942,86,67,-5,-3,IAH,LBB,458,4,15,0,NA,0
2011,7,7,4,851,953,XE,2605,N14938,62,41,-2,-4,IAH,DAL,216,4,17,0,NA,0
2011,3,1,2,1200,1253,WN,24,N780SW,53,44,-7,0,HOU,DAL,239,4,5,0,NA,0
2011,1,24,1,1320,1710,XE,2791,N26141,170,110,32,-5,IAH,CVG,871,7,53,0,NA,0
2011,6,25,6,1121,1219,XE,2826,N14930,58,41,-3,-1,IAH,DAL,217,5,12,0,NA,0
2011,3,11,5,729,855,XE,3059,N16927,86,63,4,-1,IAH,MOB,427,6,17,0,NA,0
2011,6,11,6,1052,1311,CO,1646,N16732,139,120,6,22,IAH,ORD,925,4,15,0,NA,0
2011,11,28,1,927,1134,XE,4357,N14939,127,91,22,-3,IAH,ICT,542,3,33,0,NA,0
2011,1,30,7,1054,1316,MQ,3796,N528MQ,142,123,-24,-11,IAH,ORD,925,7,12,0,NA,0
2011,10,19,3,1621,1754,XE,4450,N17928,93,68,15,6,IAH,MAF,429,4,21,0,NA,0
2011,4,12,2,1947,2139,WN,215,N741SA,112,101,-6,-3,HOU,STL,687,4,7,0,NA,0
2011,7,14,4,1339,1427,XE,2318,N12934,48,35,5,14,IAH,LFT,201,4,9,0,NA,0
2011,9,21,3,1800,1933,XE,2330,N17928,93,75,-4,0,IAH,BHM,562,4,14,0,NA,0
2011,11,4,5,807,1048,XE,4455,N12136,161,139,-19,-7,IAH,MSP,1034,4,18,0,NA,0
2011,3,10,4,2029,57,CO,1632,N13718,208,178,164,164,IAH,LGA,1416,4,26,0,NA,0
2011,2,19,6,1325,1436,XE,3120,N14943,71,52,26,31,IAH,LIT,374,6,13,0,NA,0
2011,12,12,1,1009,1307,XE,4528,N26141,118,100,-14,-6,IAH,JAX,817,5,13,0,NA,0
2011,10,12,3,1257,1507,XE,4670,N24103,130,101,-1,-3,IAH,STL,667,12,17,0,NA,0
2011,10,9,7,903,1008,CO,1272,N73256,185,154,11,-2,IAH,PHX,1009,9,22,0,NA,0
2011,3,19,6,926,1154,CO,542,N77431,208,174,12,1,IAH,SLC,1195,5,29,0,NA,0
2011,1,26,3,827,922,WN,10,N656SW,55,44,-8,-3,HOU,DAL,239,3,8,0,NA,0
2011,1,20,4,1018,1308,XE,2036,N13978,110,92,-15,-7,IAH,JAX,817,6,12,0,NA,0
2011,12,3,6,1032,1149,WN,111,N277WN,77,66,-11,-3,HOU,TUL,453,4,7,0,NA,0
2011,12,22,4,2115,2307,CO,1524,N32626,232,207,5,0,IAH,ONT,1334,6,19,0,NA,0
2011,1,21,5,1300,1618,XE,2105,N11137,138,125,-7,5,IAH,GRR,1042,4,9,0,NA,0
2011,12,26,1,1951,2259,XE,4204,N18556,128,112,-5,6,IAH,CLT,912,5,11,0,NA,0
2011,9,3,6,1522,1640,WN,1798,N437WN,198,181,-5,2,HOU,LAX,1390,6,11,0,NA,0
2011,7,18,1,1037,1409,XE,2736,N15986,152,116,26,-3,IAH,TYS,771,3,33,0,NA,0
2011,10,7,5,906,958,CO,1272,N76526,172,141,-2,1,IAH,PHX,1009,7,24,0,NA,0
2011,4,1,5,2124,1,CO,209,N37253,277,255,5,-1,IAH,PDX,1825,6,16,0,NA,0
2011,2,21,1,2119,2212,CO,1533,N38443,53,31,12,14,IAH,AUS,140,6,16,0,NA,0
2011,5,27,5,733,854,XE,3059,N14939,81,62,6,3,IAH,MOB,427,5,14,0,NA,0
2011,7,21,4,2032,2235,XE,2726,N14158,123,109,28,37,IAH,CID,845,5,9,0,NA,0
2011,5,8,7,1430,1520,WN,27,N428WN,50,32,5,5,HOU,CRP,187,3,15,0,NA,0
2011,7,18,1,1336,1746,XE,2874,N11121,190,160,18,1,IAH,ORF,1201,4,26,0,NA,0
2011,1,24,1,1915,2042,WN,919,N524SW,87,76,7,25,HOU,BNA,670,5,6,0,NA,0
2011,8,18,4,1845,2047,OO,4455,N807SK,182,158,-4,0,IAH,SLC,1195,6,18,0,NA,0
2011,10,27,4,1750,1834,XE,4660,N14179,104,80,9,-10,IAH,HOB,501,3,21,0,NA,0
2011,5,19,4,727,850,XE,3059,N16944,83,60,2,-3,IAH,MOB,427,11,12,0,NA,0
2011,5,4,3,1120,1342,MQ,3796,N543MQ,142,127,-8,0,IAH,ORD,925,5,10,0,NA,0
2011,8,3,3,1108,1300,WN,939,N658SW,112,101,0,8,HOU,STL,687,3,8,0,NA,0
2011,1,26,3,540,851,DL,1248,N321NB,131,90,4,-5,IAH,ATL,689,21,20,0,NA,0
2011,3,27,7,1415,1503,WN,28,N620SW,48,38,63,75,HOU,DAL,239,3,7,0,NA,0
2011,6,6,1,2119,2204,XE,2349,N14573,105,92,-8,-1,IAH,ELP,667,4,9,0,NA,0
2011,7,25,1,1152,1633,CO,1832,N39297,221,201,19,22,IAH,LGA,1416,6,14,0,NA,0
2011,6,1,3,732,846,XE,2132,N15948,74,58,-7,-3,IAH,LIT,374,5,11,0,NA,0
2011,1,29,6,1433,1846,CO,62,N26123,193,170,-3,8,IAH,EWR,1400,12,11,0,NA,0
2011,5,23,1,1201,1330,F9,777,N923FR,149,130,5,-4,HOU,DEN,883,9,10,0,NA,0
2011,6,13,1,1517,1846,US,1978,N430US,149,123,-12,-8,IAH,CLT,913,10,16,0,NA,0
2011,9,5,1,1417,1517,AA,742,N486AA,60,42,-18,-3,IAH,DFW,224,4,14,0,NA,0
2011,10,18,2,1903,2303,CO,1476,N57439,180,154,-17,-2,IAH,PHL,1325,5,21,0,NA,0
2011,11,11,5,NA,NA,CO,1527,NA,NA,NA,NA,NA,IAH,BWI,1235,NA,NA,1,C,0
2011,8,16,2,1308,1408,MQ,3719,N5PBMQ,180,167,18,38,IAH,LAX,1379,4,9,0,NA,0
2011,11,3,4,1202,1618,CO,152,N76156,196,165,-12,2,IAH,EWR,1400,21,10,0,NA,0
2011,8,5,5,1146,1349,CO,1837,N75433,243,210,10,8,IAH,SFO,1635,6,27,0,NA,0
2011,8,18,4,1350,1814,WN,23,N526SW,204,170,24,20,HOU,PHL,1336,14,20,0,NA,0
2011,7,15,5,2053,2101,OO,1108,N746SK,128,112,-7,3,IAH,TUS,936,4,12,0,NA,0
2011,8,18,4,1401,1855,CO,1219,N37420,234,212,30,31,IAH,BOS,1597,7,15,0,NA,0
2011,1,19,3,1905,2018,XE,2280,N12195,73,59,-18,-5,IAH,PNS,489,4,10,0,NA,0
2011,7,16,6,1629,1806,XE,2944,N14939,97,76,11,9,IAH,MEM,468,7,14,0,NA,0
2011,10,27,4,707,1033,XE,4225,N17169,146,126,-17,-8,IAH,RDU,1042,7,13,0,NA,0
2011,7,29,5,1103,1229,XE,2296,N15932,86,42,39,10,IAH,CRP,201,3,41,0,NA,0
2011,2,1,2,1548,1701,CO,33,N16649,73,44,27,23,IAH,MSY,305,7,22,0,NA,0
2011,8,6,6,1903,2232,CO,1427,N13624,149,126,-3,-2,IAH,CLT,912,9,14,0,NA,0
2011,5,20,5,1934,2200,CO,417,N24224,266,191,89,29,IAH,SAN,1303,4,71,0,NA,0
2011,10,31,1,949,1112,WN,2090,N339SW,83,69,-8,-6,HOU,TUL,453,3,11,0,NA,0
2011,11,30,3,1829,2036,CO,1659,N16642,127,108,-8,-2,IAH,OMA,781,4,15,0,NA,0
2011,12,4,7,1436,1539,XE,4575,N15926,63,37,16,16,IAH,DAL,216,3,23,0,NA,0
2011,3,8,2,1856,1947,XE,2731,N14998,51,35,-8,-4,IAH,SHV,192,6,10,0,NA,0
2011,11,5,6,1542,1826,FL,288,N892AT,104,92,-14,-3,HOU,ATL,696,5,7,0,NA,0
2011,4,14,4,1751,1916,OO,1123,N786SK,145,121,24,11,IAH,COS,809,5,19,0,NA,0
2011,7,29,5,1333,1516,EV,5402,N884AS,103,71,120,113,IAH,MEM,468,7,25,0,NA,0
2011,3,7,1,2029,2124,WN,51,N661SW,55,37,4,-1,HOU,CRP,187,5,13,0,NA,0
2011,12,29,4,NA,NA,XE,4351,N15932,NA,NA,NA,NA,IAH,LFT,201,NA,NA,1,B,0
2011,10,6,4,2112,2214,XE,4116,N17138,62,37,-7,-8,IAH,CRP,201,5,20,0,NA,0
2011,8,6,6,2108,2226,XE,2413,N11192,78,56,-30,-7,IAH,OKC,395,4,18,0,NA,0
2011,2,3,4,1138,1308,XE,2576,N14543,90,72,29,38,IAH,BHM,562,3,15,0,NA,0
2011,5,10,2,742,1052,XE,2435,N14991,130,105,0,-8,IAH,JAX,817,6,19,0,NA,0
2011,4,19,2,1853,2122,CO,670,N36247,269,237,13,-2,IAH,SFO,1635,11,21,0,NA,0
2011,11,8,2,2119,2237,CO,1490,N57869,138,117,-6,4,IAH,DEN,862,6,15,0,NA,0
2011,12,9,5,1328,1645,CO,1151,N57870,137,110,-1,-2,IAH,MCO,854,8,19,0,NA,0
2011,11,7,1,643,1018,CO,1077,N76503,155,137,-10,-2,IAH,CLE,1091,7,11,0,NA,0
2011,3,1,2,728,902,UA,109,N449UA,154,126,-12,-2,IAH,DEN,862,9,19,0,NA,0
2011,5,8,7,2109,2213,OO,1138,N787SK,64,44,0,-6,IAH,DFW,224,7,13,0,NA,0
2011,8,16,2,1202,1352,XE,3100,N21154,110,96,-11,-6,IAH,MCI,643,5,9,0,NA,0
2011,10,20,4,2058,2152,CO,1123,N53442,174,147,18,8,IAH,PHX,1009,6,21,0,NA,0
2011,12,22,4,1913,2014,XE,4522,N14972,61,39,30,23,IAH,SHV,192,4,18,0,NA,0
2011,5,9,1,1415,1509,CO,1557,N35271,54,38,-4,0,IAH,SAT,191,3,13,0,NA,0
2011,6,23,4,2035,12,WN,49,N489WN,157,143,17,40,HOU,BWI,1246,4,10,0,NA,0
2011,6,5,7,2046,2242,XE,3038,N10575,116,94,64,61,IAH,BNA,657,7,15,0,NA,0
2011,5,4,3,1304,1546,XE,3004,N14977,162,131,6,-6,IAH,MKE,984,4,27,0,NA,0
2011,4,10,7,1155,1345,XE,3092,N11194,110,87,2,0,IAH,MCI,643,7,16,0,NA,0
2011,7,27,3,903,951,CO,1848,N53441,168,149,-30,-2,IAH,LAS,1222,7,12,0,NA,0
2011,3,26,6,721,853,CO,1845,N37419,212,183,8,-4,IAH,LAS,1222,11,18,0,NA,0
2011,5,9,1,1903,2027,CO,1826,N77295,144,122,2,3,IAH,DEN,862,7,15,0,NA,0
2011,4,16,6,857,1002,XE,2939,N14960,65,44,7,2,IAH,MSY,305,6,15,0,NA,0
2011,1,14,5,1923,2245,CO,1830,N75429,142,115,-2,-2,IAH,PBI,956,4,23,0,NA,0
2011,2,17,4,624,801,WN,335,N769SW,217,206,-9,9,HOU,LAX,1390,5,6,0,NA,0
2011,1,23,7,1537,1741,XE,3150,N13903,124,97,8,2,IAH,STL,668,9,18,0,NA,0
2011,1,2,7,1446,1703,OO,4489,N807SK,197,170,40,39,IAH,SLC,1195,11,16,0,NA,0
2011,4,30,6,1831,1918,WN,2213,N638SW,47,38,28,31,HOU,SAT,192,3,6,0,NA,0
2011,2,8,2,1743,1935,XE,2598,N11548,112,89,-8,-2,IAH,MCI,643,3,20,0,NA,0
2011,11,15,2,1718,1901,XE,4571,N17115,103,58,79,58,IAH,MOB,427,4,41,0,NA,0
2011,1,17,1,1331,1438,WN,464,N686SW,67,55,3,1,HOU,JAN,359,4,8,0,NA,0
2011,11,30,3,1957,2154,MQ,3724,N526MQ,237,220,9,-8,IAH,LAX,1379,6,11,0,NA,0
2011,8,29,1,815,842,WN,201,N658SW,147,135,-18,0,HOU,PHX,1020,5,7,0,NA,0
2011,3,28,1,1012,1127,XE,3060,N13958,75,59,-6,-3,IAH,OKC,395,4,12,0,NA,0
2011,2,20,7,1254,1445,WN,2123,N631SW,171,159,-10,-1,HOU,PHX,1020,5,7,0,NA,0
2011,8,5,5,1635,1908,CO,1546,N36280,153,126,-2,5,IAH,ORD,925,11,16,0,NA,0
2011,2,21,1,842,1018,XE,2302,N13553,96,82,-22,-8,IAH,BNA,657,5,9,0,NA,0
2011,3,16,3,1500,1553,WN,36,N941WN,53,43,-2,0,HOU,DAL,239,3,7,0,NA,0
2011,11,14,1,1741,1859,OO,5238,N965SW,138,110,-4,1,IAH,COS,809,6,22,0,NA,0
2011,6,5,7,1629,1927,CO,1546,N78438,178,124,23,-1,IAH,ORD,925,20,34,0,NA,0
2011,12,28,3,1624,1906,CO,1503,N17244,162,128,6,4,IAH,ORD,925,9,25,0,NA,0
2011,7,5,2,1937,2059,OO,1155,N740SK,82,56,12,12,IAH,OKC,395,4,22,0,NA,0
2011,4,4,1,2228,2323,WN,60,N209WN,55,43,88,88,HOU,DAL,239,3,9,0,NA,0
2011,6,10,5,721,845,CO,403,N16646,204,168,0,-4,IAH,SAN,1303,4,32,0,NA,0
2011,4,28,4,625,805,WN,242,N468WN,100,83,-10,0,HOU,BNA,670,10,7,0,NA,0
2011,6,29,3,2003,2321,XE,2597,N12569,138,117,11,13,IAH,SAV,851,7,14,0,NA,0
2011,7,28,4,1912,2013,XE,2911,N15926,61,39,-9,-3,IAH,MLU,262,4,18,0,NA,0
2011,10,3,1,553,702,MQ,3265,N640MQ,69,47,-8,-7,HOU,DFW,247,5,17,0,NA,0
2011,4,26,2,909,1034,XE,2176,N13118,145,124,17,-1,IAH,ABQ,744,8,13,0,NA,0
2011,5,12,4,1040,1354,XE,2295,N17185,134,110,6,0,IAH,SAV,851,6,18,0,NA,0
2011,8,15,1,1944,2104,XE,2954,N15986,80,62,32,34,IAH,MOB,427,8,10,0,NA,0
2011,12,29,4,1520,1605,XE,4672,N14959,105,92,28,45,IAH,ELP,667,5,8,0,NA,0
2011,7,2,6,739,908,XE,2687,N14180,89,71,0,-4,IAH,PNS,489,4,14,0,NA,0
2011,8,19,5,1949,2250,XE,3004,N22971,121,105,-5,-1,IAH,TYS,771,5,11,0,NA,0
2011,1,17,1,1749,1959,CO,570,N37408,250,230,-6,4,IAH,SFO,1635,6,14,0,NA,0
2011,2,16,3,1636,1832,WN,3474,N303SW,116,100,67,71,HOU,STL,687,4,12,0,NA,0
2011,2,3,4,NA,NA,WN,386,N251WN,NA,NA,NA,NA,HOU,HRL,276,NA,NA,1,B,0
2011,4,21,4,1801,2029,CO,570,N36444,268,242,20,6,IAH,SFO,1635,7,19,0,NA,0
2011,1,2,7,1916,2258,CO,426,N33209,162,139,-13,1,IAH,BWI,1235,4,19,0,NA,0
2011,9,28,3,1159,1326,EV,5222,N975EV,87,65,-10,-5,IAH,MEM,468,4,18,0,NA,0
2011,2,17,4,1246,1405,XE,2304,N14943,79,59,2,-4,IAH,GPT,376,4,16,0,NA,0
2011,8,2,2,1221,1308,WN,1283,N709SW,47,40,-12,-4,HOU,HRL,276,2,5,0,NA,0
2011,11,13,7,1943,2249,OO,5186,N771SK,126,104,-14,-2,IAH,CVG,871,5,17,0,NA,0
2011,1,9,7,1907,2117,XE,2511,N14991,130,114,18,17,IAH,DSM,802,3,13,0,NA,0
2011,7,25,1,1212,1236,CO,1620,N33294,144,125,-5,9,IAH,PHX,1009,5,14,0,NA,0
2011,7,23,6,559,1030,CO,89,N36280,211,191,10,-1,IAH,EWR,1400,7,13,0,NA,0
2011,4,6,3,601,650,US,270,N332AW,169,156,3,1,IAH,PHX,1009,3,10,0,NA,0
2011,5,13,5,1805,1900,WN,1919,N472WN,55,42,65,65,HOU,HRL,276,2,11,0,NA,0
2011,6,10,5,NA,NA,DL,8,N780NC,NA,NA,NA,NA,IAH,ATL,689,NA,NA,1,A,0
2011,7,27,3,1912,2313,XE,2171,N25134,181,159,16,12,IAH,ORF,1201,4,18,0,NA,0
2011,5,14,6,1304,1644,CO,744,N31412,160,139,-3,-1,IAH,CLE,1091,3,18,0,NA,0
2011,9,25,7,1202,1317,F9,141,N924FR,135,119,-3,0,HOU,DEN,883,8,8,0,NA,0
2011,5,23,1,1413,1725,XE,2198,N34110,132,120,-9,-2,IAH,CRW,975,2,10,0,NA,0
2011,6,26,7,1417,1536,CO,599,N57852,139,116,-7,2,IAH,DEN,862,6,17,0,NA,0
2011,3,8,2,1517,1727,WN,2018,N506SW,130,114,-8,12,HOU,MDW,937,6,10,0,NA,0
2011,5,20,5,1734,2034,CO,667,N37420,300,263,43,9,IAH,SEA,1874,5,32,0,NA,0
2011,10,16,7,1645,1754,XE,4681,N13903,69,55,-11,0,IAH,LIT,374,4,10,0,NA,0
2011,3,7,1,1012,1113,XE,3041,N14943,61,44,-8,-8,IAH,CRP,201,4,13,0,NA,0
2011,4,13,3,1748,1946,XE,2360,N16963,118,97,-6,-2,IAH,STL,668,5,16,0,NA,0
2011,6,10,5,731,854,XE,2891,N15948,83,56,22,16,IAH,JAN,351,5,22,0,NA,0
2011,7,13,3,1145,1554,CO,1486,N14231,189,168,67,90,IAH,PHL,1325,10,11,0,NA,0
2011,8,5,5,741,1114,XE,3096,N13913,153,134,-5,-4,IAH,CMH,986,4,15,0,NA,0
2011,5,27,5,1248,1344,XE,2223,N14925,56,36,-3,-2,IAH,CRP,201,6,14,0,NA,0
2011,10,1,6,NA,NA,XE,4586,N13929,NA,NA,NA,NA,IAH,CRP,201,NA,NA,1,A,0
2011,2,4,5,NA,NA,WN,671,N916WN,NA,NA,NA,NA,HOU,DEN,883,NA,NA,1,B,0
2011,12,26,1,1240,1547,OO,5164,N703SK,127,108,-10,-2,IAH,CLT,912,6,13,0,NA,0
2011,1,30,7,1706,2050,CO,410,N73270,164,145,-5,3,IAH,IAD,1190,6,13,0,NA,0
2011,4,1,5,1014,1359,CO,1544,N19621,165,134,-2,-1,IAH,CLE,1091,3,28,0,NA,0
2011,7,25,1,1802,2134,AA,1294,N3EHAA,152,131,-11,-3,IAH,MIA,964,4,17,0,NA,0
2011,3,15,2,835,938,MQ,3210,N673MQ,63,48,-12,-5,HOU,DFW,247,7,8,0,NA,0
2011,1,27,4,1915,2211,CO,1586,N76503,116,94,-1,20,IAH,MCO,853,5,17,0,NA,0
2011,2,5,6,1413,1502,CO,241,N87512,49,30,24,23,IAH,AUS,140,5,14,0,NA,0
2011,4,3,7,1059,1201,XE,3000,N14938,62,46,12,10,IAH,BTR,253,3,13,0,NA,0
2011,3,28,1,1018,1140,WN,778,N930WN,142,128,-10,-2,HOU,DEN,883,7,7,0,NA,0
2011,2,27,7,1532,1614,WN,31,N915WN,42,32,-1,7,HOU,CRP,187,3,7,0,NA,0
2011,1,13,4,1200,1323,CO,1605,N14250,203,179,-12,10,IAH,LAX,1379,7,17,0,NA,0
2011,1,19,3,1527,1633,CO,33,N37434,66,44,-3,0,IAH,MSY,305,3,19,0,NA,0
2011,9,5,1,1417,1526,WN,1574,N336SW,129,108,1,-3,HOU,ABQ,759,12,9,0,NA,0
2011,10,25,2,916,1041,XE,4591,N14938,85,55,7,-4,IAH,LRD,301,3,27,0,NA,0
2011,7,5,2,1752,1918,CO,59,N37287,146,115,3,12,IAH,DEN,862,8,23,0,NA,0
2011,9,19,1,1148,1424,CO,1483,N12238,276,250,9,3,IAH,SEA,1874,8,18,0,NA,0
2011,9,21,3,1926,2233,CO,1246,N33209,127,105,3,7,IAH,RSW,861,4,18,0,NA,0
2011,6,27,1,2035,2137,WN,834,N655WN,62,48,2,0,HOU,MSY,303,3,11,0,NA,0
2011,5,6,5,2101,2205,CO,1423,N33284,64,43,-5,-4,IAH,MSY,305,4,17,0,NA,0
2011,9,7,3,918,1030,CO,1201,N35204,192,172,-19,-2,IAH,ONT,1334,5,15,0,NA,0
2011,5,25,3,1917,2251,CO,1748,N76269,154,117,13,7,IAH,FLL,965,7,30,0,NA,0
2011,7,24,7,859,949,WN,12,N484WN,50,40,-11,-1,HOU,DAL,239,2,8,0,NA,0
2011,6,8,3,1315,1437,XE,2213,N16944,82,62,-6,-5,IAH,XNA,438,4,16,0,NA,0
2011,2,17,4,1918,2036,XE,3105,N14925,78,55,1,-2,IAH,LIT,374,3,20,0,NA,0
2011,4,15,5,1253,1421,MQ,3719,N544MQ,208,187,-4,3,IAH,LAX,1379,5,16,0,NA,0
2011,6,1,3,1433,1548,CO,623,N36272,75,50,6,-2,IAH,MSY,305,7,18,0,NA,0
2011,1,21,5,1641,1751,XE,2931,N14116,70,51,-4,0,IAH,MFE,316,4,15,0,NA,0
2011,12,12,1,1154,1512,US,1702,N424US,138,113,-10,-6,IAH,CLT,912,8,17,0,NA,0
2011,12,25,7,730,1121,XE,4702,N11194,171,150,-4,0,IAH,IAD,1190,12,9,0,NA,0
2011,2,16,3,1842,2059,MQ,3717,N511MQ,137,117,-16,-8,IAH,ORD,925,9,11,0,NA,0
2011,2,27,7,1533,1759,MQ,3786,N531MQ,146,127,4,3,IAH,ORD,925,7,12,0,NA,0
2011,11,26,6,1148,1238,WN,3754,N699SW,50,38,13,18,HOU,DAL,239,2,10,0,NA,0
2011,10,25,2,1254,1639,XE,4694,N12167,165,144,-4,-1,IAH,RIC,1157,6,15,0,NA,0
2011,6,10,5,1855,2155,OO,1179,N716SK,180,133,23,0,IAH,MKE,984,26,21,0,NA,0
2011,2,6,7,2104,2315,CO,1046,N57869,131,110,-12,9,IAH,ORD,925,6,15,0,NA,0
2011,6,30,4,1021,1448,CO,1476,N78285,207,184,-2,1,IAH,PHL,1324,7,16,0,NA,0
2011,12,22,4,718,836,XE,4387,N13936,78,57,-16,-7,IAH,OKC,395,7,14,0,NA,0
2011,3,15,2,601,919,DL,1248,N321US,138,100,14,1,IAH,ATL,689,18,20,0,NA,0
2011,1,18,2,NA,NA,CO,106,NA,NA,NA,NA,NA,IAH,EWR,1400,NA,NA,1,A,0
2011,1,12,3,1748,1907,CO,1674,N17620,139,97,1,-5,IAH,ELP,667,6,36,0,NA,0
2011,11,17,4,1302,1549,WN,471,N629SW,107,96,-11,2,HOU,TPA,781,2,9,0,NA,0
2011,9,27,2,1959,2232,WN,2170,N505SW,153,129,37,39,HOU,MDW,937,5,19,0,NA,0
2011,5,6,5,706,812,WN,863,N522SW,126,114,-3,1,HOU,ABQ,759,4,8,0,NA,0
2011,7,21,4,2109,2207,CO,1645,N37255,58,28,3,-1,IAH,AUS,140,7,23,0,NA,0
2011,11,21,1,558,910,AA,466,N3FTAA,132,112,-10,-2,IAH,MIA,964,10,10,0,NA,0
2011,8,21,7,1017,1147,XE,2434,N13964,90,71,18,12,IAH,PNS,489,5,14,0,NA,0
2011,7,15,5,1502,1555,XE,2631,N15985,53,37,25,27,IAH,LFT,201,5,11,0,NA,0
2011,5,20,5,1051,1431,XE,2386,N34111,160,130,14,1,IAH,GSO,986,4,26,0,NA,0
2011,4,15,5,1518,1829,FL,288,N981AT,131,96,22,6,HOU,ATL,696,8,27,0,NA,0
2011,1,29,6,1156,1302,AA,1820,N592AA,66,44,-8,-9,IAH,DFW,224,8,14,0,NA,0
2011,3,11,5,1444,1836,CO,158,N23721,172,156,-2,-1,IAH,DCA,1208,3,13,0,NA,0
2011,2,10,4,1505,1737,XE,2599,N31131,152,136,66,75,IAH,MSP,1034,6,10,0,NA,0
2011,9,15,4,1436,1529,XE,4707,N14930,53,35,1,1,IAH,LFT,201,6,12,0,NA,0
2011,1,11,2,1259,1644,CO,458,N76502,165,139,-1,4,IAH,DCA,1208,5,21,0,NA,0
2011,1,5,3,1731,1828,XE,2562,N14959,57,40,-3,1,IAH,DAL,217,5,12,0,NA,0
2011,10,19,3,1708,1827,WN,3927,N210WN,79,67,67,68,HOU,OKC,419,3,9,0,NA,0
2011,10,10,1,1037,1228,XE,4615,N17146,111,92,35,32,IAH,HSV,595,5,14,0,NA,0
2011,8,27,6,1638,1742,CO,1179,N14231,64,46,5,3,IAH,MSY,305,7,11,0,NA,0
2011,3,20,7,1752,1947,CO,1795,N77871,235,205,17,2,IAH,LAX,1379,15,15,0,NA,0
2011,4,2,6,1108,1147,WN,3465,N504SW,39,31,-3,8,HOU,AUS,148,3,5,0,NA,0
2011,10,6,4,1658,1745,WN,2493,N504SW,47,30,0,-2,HOU,AUS,148,6,11,0,NA,0
2011,12,28,3,1714,2001,XE,4554,N14977,107,96,6,19,IAH,JAX,817,3,8,0,NA,0
2011,5,20,5,1424,1521,XE,2581,N16944,57,44,7,4,IAH,CRP,201,4,9,0,NA,0
2011,6,20,1,1909,2228,CO,1456,N37263,139,119,-7,4,IAH,CLT,913,4,16,0,NA,0
2011,5,2,1,1528,1613,XE,2936,N13935,45,32,-11,-4,IAH,AEX,190,4,9,0,NA,0
2011,11,22,2,2129,21,WN,1201,N332SW,112,96,-4,-1,HOU,TPA,781,5,11,0,NA,0
2011,4,19,2,1552,1657,WN,1899,N644SW,65,53,7,12,HOU,JAN,359,4,8,0,NA,0
2011,7,5,2,1616,1733,XE,2834,N16183,77,60,2,1,IAH,JAN,351,6,11,0,NA,0
2011,7,9,6,1534,2033,CO,1569,N77261,239,203,9,-1,IAH,BOS,1597,9,27,0,NA,0
2011,3,29,2,1659,1835,CO,1846,N54241,216,186,-7,-1,IAH,LAX,1379,9,21,0,NA,0
2011,5,4,3,1858,2204,CO,775,N14629,126,91,-6,-2,IAH,ATL,689,8,27,0,NA,0
2011,4,10,7,1440,1716,CO,767,N75425,276,253,7,0,IAH,SEA,1874,6,17,0,NA,0
2011,7,1,5,1346,1548,OO,1101,N758SK,122,104,41,46,IAH,OMA,781,3,15,0,NA,0
2011,3,11,5,1911,2056,WN,1673,N269WN,105,87,21,21,HOU,BNA,670,4,14,0,NA,0
2011,5,4,3,1848,2154,CO,1586,N53442,126,101,-15,-2,IAH,MCO,853,8,17,0,NA,0
2011,5,14,6,1342,1704,CO,1790,N75410,142,117,4,1,IAH,MIA,964,7,18,0,NA,0
2011,4,17,7,2122,2219,XE,2669,N12175,57,43,1,2,IAH,DFW,224,4,10,0,NA,0
2011,9,25,7,2112,2218,XE,4608,N12569,66,47,-5,-8,IAH,HRL,295,5,14,0,NA,0
2011,12,4,7,712,825,CO,1697,N57855,193,170,-15,-3,IAH,LAS,1222,10,13,0,NA,0
2011,11,8,2,1758,2004,OO,5246,N964SW,126,66,27,-7,IAH,MAF,429,5,55,0,NA,0
2011,9,16,5,720,838,WN,3426,N726SW,78,67,-2,0,HOU,TUL,453,4,7,0,NA,0
2011,8,16,2,1438,1545,XE,2429,N13965,67,54,-21,-9,IAH,LIT,374,3,10,0,NA,0
2011,6,2,4,1618,1856,XE,2948,N14105,158,127,11,3,IAH,MKE,984,4,27,0,NA,0
2011,7,30,6,1355,1743,XE,3078,N24128,168,149,6,1,IAH,RIC,1157,6,13,0,NA,0
2011,1,4,2,1255,1405,XE,2304,N13955,70,53,2,5,IAH,GPT,376,5,12,0,NA,0
2011,7,2,6,1617,1748,XE,2944,N15932,91,70,-7,-3,IAH,MEM,468,5,16,0,NA,0
2011,8,16,2,755,854,XE,2469,N15948,59,42,-1,-5,IAH,CRP,201,6,11,0,NA,0
2011,8,5,5,2017,2222,XE,2726,N11164,125,112,15,22,IAH,CID,845,4,9,0,NA,0
2011,2,1,2,NA,NA,CO,582,NA,NA,NA,NA,NA,IAH,BOS,1597,NA,NA,1,B,0
2011,11,10,4,1928,2301,CO,1704,N77430,153,117,21,13,IAH,MIA,964,10,26,0,NA,0
2011,4,2,6,1659,1810,XE,2834,N16927,71,53,-7,-10,IAH,JAN,351,7,11,0,NA,0
2011,7,16,6,1451,1616,XE,2289,N15912,85,58,13,1,IAH,OKC,395,5,22,0,NA,0
2011,2,18,5,1439,1533,XE,2631,N17928,54,37,-2,-2,IAH,LFT,201,6,11,0,NA,0
2011,9,26,1,1522,1618,WN,2210,N449WN,56,44,-7,-3,HOU,MSY,302,6,6,0,NA,0
2011,3,10,4,602,908,DL,2375,N769NC,126,103,0,2,HOU,ATL,696,7,16,0,NA,0
2011,12,21,3,849,952,CO,1251,N53441,63,46,-12,-6,IAH,MSY,305,5,12,0,NA,0
2011,11,1,2,1700,1818,WN,1681,N504SW,78,66,-2,0,HOU,MAF,441,2,10,0,NA,0
2011,4,29,5,1602,1733,XE,2695,N14943,91,75,16,22,IAH,BHM,562,5,11,0,NA,0
2011,6,7,2,1743,2108,AA,1294,N3BHAA,145,122,-2,-2,IAH,MIA,964,4,19,0,NA,0
2011,10,9,7,2234,2343,CO,1530,N17619,69,49,93,99,IAH,MFE,316,6,14,0,NA,0
2011,2,28,1,935,1213,CO,343,N27205,278,231,30,-5,IAH,RNO,1530,6,41,0,NA,0
2011,7,3,7,1933,2211,CO,1091,N77871,158,131,-1,3,IAH,ORD,925,13,14,0,NA,0
2011,7,8,5,1313,1707,CO,846,N13750,174,147,6,8,IAH,DTW,1075,8,19,0,NA,0
2011,4,24,7,1109,1307,OO,1145,N744SK,118,98,15,9,IAH,STL,668,5,15,0,NA,0
2011,6,22,3,1620,1804,EV,5393,N878AS,104,70,4,0,IAH,MEM,469,5,29,0,NA,0
2011,3,24,4,1104,1231,WN,3056,N332SW,87,78,-4,4,HOU,BHM,570,2,7,0,NA,0
2011,4,27,3,2045,2147,WN,325,N662SW,62,37,22,10,HOU,CRP,187,6,19,0,NA,0
2011,8,31,3,1949,2031,WN,1959,N385SW,42,27,-19,-1,HOU,AUS,148,6,9,0,NA,0
2011,5,21,6,1305,1800,CO,532,N76288,235,212,21,0,IAH,LGA,1416,6,17,0,NA,0
2011,12,6,2,1557,1725,WN,31,N296WN,88,72,25,27,HOU,ECP,571,3,13,0,NA,0
2011,4,4,1,1258,1446,XE,2881,N19554,108,88,13,13,IAH,BNA,657,6,14,0,NA,0
2011,9,29,4,1300,1440,WN,2112,N411WN,220,208,-10,10,HOU,OAK,1642,4,8,0,NA,0
2011,3,7,1,850,1241,CO,1610,N79279,171,149,-5,-5,IAH,DCA,1208,3,19,0,NA,0
2011,3,10,4,2117,2232,XE,2357,N13935,75,50,-2,-8,IAH,LRD,301,2,23,0,NA,0
2011,2,2,3,1745,1917,CO,59,N57857,152,114,5,10,IAH,DEN,862,7,31,0,NA,0
2011,10,13,4,1321,1701,DL,1675,N919DL,160,94,33,-4,IAH,ATL,689,20,46,0,NA,0
2011,8,10,3,615,710,WN,1636,N395SW,55,42,0,0,HOU,DAL,239,4,9,0,NA,0
2011,10,22,6,1528,1650,WN,1980,N253WN,82,73,-15,-2,HOU,ECP,571,3,6,0,NA,0
2011,3,18,5,1137,1236,XE,2407,N14939,59,34,1,-3,IAH,LFT,201,4,21,0,NA,0
2011,6,7,2,1524,1850,US,1978,N453UW,146,126,-8,-1,IAH,CLT,913,12,8,0,NA,0
2011,9,25,7,1327,1446,WN,913,N909WN,199,183,1,7,HOU,LAX,1390,10,6,0,NA,0
2011,10,9,7,1615,1724,WN,1495,N412WN,189,137,94,75,HOU,PHX,1020,6,46,0,NA,0
2011,10,11,2,1316,1643,CO,1569,N27724,147,125,-14,-4,IAH,RDU,1042,7,15,0,NA,0
2011,3,8,2,1939,2055,XE,2954,N27152,76,58,10,14,IAH,MOB,427,4,14,0,NA,0
2011,12,10,6,742,936,CO,52,N21108,234,211,15,7,IAH,LAX,1379,9,14,0,NA,0
2011,7,16,6,1312,1444,CO,1899,N16646,92,50,33,7,IAH,MSY,305,4,38,0,NA,0
2011,5,17,2,1827,1920,WN,50,N380SW,53,43,-10,-3,HOU,DAL,239,4,6,0,NA,0
2011,10,5,3,1831,1937,WN,1183,N789SW,126,114,2,1,HOU,ABQ,759,5,7,0,NA,0
2011,5,11,3,1355,1743,XE,3078,N14125,168,154,7,1,IAH,RIC,1157,4,10,0,NA,0
2011,6,26,7,1031,1259,CO,1646,N36280,148,121,-6,1,IAH,ORD,925,13,14,0,NA,0
2011,6,18,6,1227,1352,WN,3617,N795SW,205,189,32,32,HOU,LAX,1390,7,9,0,NA,0
2011,1,17,1,NA,NA,UA,108,NA,NA,NA,NA,NA,IAH,ORD,925,NA,NA,1,B,0
2011,5,27,5,1013,1323,OO,1135,N743SK,130,102,5,3,IAH,ATL,689,11,17,0,NA,0
2011,2,4,5,NA,NA,XE,2907,N48901,NA,NA,NA,NA,IAH,LFT,201,NA,NA,1,B,0
2011,11,8,2,1922,2036,CO,1233,N33262,74,32,22,7,IAH,AUS,140,7,35,0,NA,0
2011,7,1,5,1544,1700,XE,2809,N14943,76,40,20,4,IAH,CRP,201,5,31,0,NA,0
2011,1,18,2,726,828,XE,2525,N15948,62,49,-22,-9,IAH,GPT,376,4,9,0,NA,0
2011,9,17,6,905,1314,WN,3507,N489WN,189,172,-16,-5,HOU,PHL,1336,6,11,0,NA,0
2011,1,13,4,1822,1920,WN,3681,N349SW,58,45,0,2,HOU,MSY,303,5,8,0,NA,0
2011,3,14,1,NA,NA,XE,2637,N14950,NA,NA,NA,NA,IAH,TUL,429,NA,NA,1,B,0
2011,10,11,2,1425,1520,XE,4669,N16944,55,39,-2,0,IAH,CRP,201,4,12,0,NA,0
2011,7,7,4,1844,1902,XE,2603,N11199,78,69,12,44,IAH,HOB,501,3,6,0,NA,0
2011,1,8,6,1847,2005,XE,2373,N27190,78,62,2,2,IAH,TUL,429,3,13,0,NA,0
2011,8,3,3,1649,2050,CO,881,N27610,181,153,-16,-1,IAH,IAD,1190,17,11,0,NA,0
2011,5,1,7,857,1118,CO,309,N31412,261,245,8,7,IAH,PDX,1825,4,12,0,NA,0
2011,5,22,7,1941,2120,CO,417,N76514,219,190,14,1,IAH,SAN,1303,3,26,0,NA,0
2011,2,23,3,1039,1212,WN,1535,N799SW,213,202,-18,-1,HOU,LAX,1390,4,7,0,NA,0
2011,5,23,1,1309,1451,XE,2962,N11184,162,125,63,30,IAH,COS,809,5,32,0,NA,0
2011,8,27,6,1226,1522,WN,954,N729SW,116,104,-13,-4,HOU,TPA,781,3,9,0,NA,0
2011,5,21,6,2029,2338,XE,3036,N11184,129,119,34,29,IAH,CHS,925,3,7,0,NA,0
2011,12,1,4,1558,1749,CO,1285,N76502,231,199,14,8,IAH,LAX,1379,15,17,0,NA,0
2011,10,10,1,1341,1656,XE,4365,N13913,135,115,1,-5,IAH,AVL,834,6,14,0,NA,0
2011,6,7,2,2151,2238,WN,1212,N224WN,47,39,-12,-4,HOU,HRL,276,2,6,0,NA,0
2011,1,25,2,1541,1840,XE,2122,N11119,179,147,2,-9,IAH,MSP,1034,5,27,0,NA,0
2011,9,1,4,806,1136,WN,1490,N314SW,150,132,11,1,HOU,MCO,849,6,12,0,NA,0
2011,7,26,2,1714,1854,XE,2695,N15986,100,85,68,70,IAH,BHM,562,3,12,0,NA,0
2011,7,19,2,1851,2015,XE,3127,N14925,84,66,16,26,IAH,LBB,458,4,14,0,NA,0
2011,10,25,2,1501,1549,WN,1495,N338SW,168,149,-1,1,HOU,PHX,1020,6,13,0,NA,0
2011,3,27,7,1326,1514,XE,2998,N15948,108,69,41,26,IAH,MEM,469,5,34,0,NA,0
2011,4,23,6,1248,1627,CO,744,N79402,159,142,2,-2,IAH,CLE,1091,6,11,0,NA,0
2011,3,4,5,1742,1841,XE,2562,N14925,59,41,10,12,IAH,DAL,217,7,11,0,NA,0
2011,12,28,3,1900,1958,WN,52,N208WN,58,46,-2,0,HOU,DAL,239,4,8,0,NA,0
2011,9,18,7,1503,1558,WN,3254,N647SW,55,44,18,18,HOU,HRL,276,2,9,0,NA,0
2011,11,17,4,1532,1845,XE,4283,N13133,133,108,1,2,IAH,IND,844,9,16,0,NA,0
2011,7,6,3,836,1207,XE,2432,N11199,151,135,41,46,IAH,PBI,956,3,13,0,NA,0
2011,1,22,6,1554,1708,XE,2748,N14977,74,58,-2,-1,IAH,MOB,427,4,12,0,NA,0
2011,7,25,1,2031,2344,CO,1662,N37408,133,112,64,71,IAH,RSW,861,4,17,0,NA,0
2011,4,1,5,850,1349,CO,510,N11612,239,196,34,0,IAH,EWR,1400,7,36,0,NA,0
2011,6,19,7,2152,2319,WN,794,N228WN,207,190,-1,-3,HOU,LAX,1390,11,6,0,NA,0
2011,5,11,3,1546,1856,CO,606,N33286,130,99,7,1,IAH,TPA,787,7,24,0,NA,0
2011,12,3,6,2128,2305,CO,1406,N76529,217,193,25,37,IAH,LAX,1379,9,15,0,NA,0
2011,10,15,6,1022,1413,CO,1027,N39728,171,143,8,2,IAH,DTW,1075,11,17,0,NA,0
2011,3,27,7,1001,1053,WN,16,N631SW,52,39,-7,1,HOU,DAL,239,4,9,0,NA,0
2011,12,6,2,1811,2003,US,247,N832AW,172,149,3,11,IAH,PHX,1009,3,20,0,NA,0
2011,10,29,6,1917,2322,CO,1476,N37422,185,157,5,12,IAH,PHL,1325,13,15,0,NA,0
2011,6,20,1,1242,1554,EV,5049,N137EV,132,90,117,116,IAH,ATL,689,24,18,0,NA,0
2011,11,13,7,715,930,CO,1006,N37255,135,113,-18,0,IAH,ORD,925,7,15,0,NA,0
2011,11,16,3,1929,2243,CO,1523,N33209,134,113,-4,4,IAH,PBI,956,7,14,0,NA,0
2011,3,16,3,732,1141,CO,404,N47414,189,159,13,-3,IAH,IAD,1190,7,23,0,NA,0
2011,11,4,5,2046,2144,WN,1616,N605SW,58,44,9,11,HOU,HRL,277,2,12,0,NA,0
2011,6,10,5,1439,1556,CO,697,N38417,197,165,21,14,IAH,LAS,1222,13,19,0,NA,0
2011,10,29,6,1427,1732,XE,4319,N13123,125,104,9,7,IAH,SAV,851,5,16,0,NA,0
2011,9,14,3,1929,2243,CO,1246,N12225,134,101,13,10,IAH,RSW,861,4,29,0,NA,0
2011,5,27,5,1155,1448,WN,451,N379SW,113,101,-12,0,HOU,TPA,781,4,8,0,NA,0
2011,8,15,1,903,1029,XE,2079,N14937,86,64,4,-2,IAH,MAF,429,2,20,0,NA,0
2011,3,22,2,1421,1643,CO,370,N76288,262,237,-2,6,IAH,SFO,1635,4,21,0,NA,0
2011,7,11,1,1756,1840,XE,2755,N24103,104,88,157,161,IAH,ELP,667,3,13,0,NA,0
2011,9,19,1,1250,1419,XE,2356,N27962,89,75,-10,-5,IAH,BHM,562,4,10,0,NA,0
2011,3,28,1,1125,1236,XE,2817,N15932,71,50,5,0,IAH,HRL,295,5,16,0,NA,0
2011,6,5,7,1922,2235,XE,2782,N11113,133,103,20,7,IAH,TYS,772,5,25,0,NA,0
2011,5,9,1,1919,2018,XE,2776,N12921,59,41,-7,-6,IAH,BTR,253,3,15,0,NA,0
2011,5,4,3,1339,1654,XE,2572,N16911,135,116,-3,-1,IAH,CHS,925,4,15,0,NA,0
2011,11,18,5,1634,1752,MQ,3217,N646MQ,78,53,-3,-6,HOU,DFW,247,11,14,0,NA,0
2011,2,28,1,1752,1848,WN,2453,N291WN,116,105,8,17,HOU,ELP,677,2,9,0,NA,0
2011,1,15,6,1320,1705,XE,2780,N13132,165,148,14,0,IAH,ORF,1201,4,13,0,NA,0
2011,8,5,5,608,724,F9,225,N922FR,136,117,-6,-7,HOU,DEN,883,13,6,0,NA,0
2011,3,16,3,1911,2353,CO,582,N37422,222,203,19,21,IAH,BOS,1597,5,14,0,NA,0
2011,12,19,1,1530,1628,WN,38,N362SW,58,47,3,0,HOU,DAL,239,5,6,0,NA,0
2011,3,15,2,1546,1711,F9,145,N927FR,145,127,1,-3,HOU,DEN,883,5,13,0,NA,0
2011,10,13,4,931,1207,CO,1725,N38417,276,259,0,1,IAH,SEA,1874,5,12,0,NA,0
2011,3,6,7,1543,1809,XE,2262,N13995,146,125,39,18,IAH,OMA,781,4,17,0,NA,0
2011,1,16,7,854,939,CO,1583,N75436,45,30,-12,-6,IAH,AUS,140,4,11,0,NA,0
2011,10,30,7,1455,1607,CO,1628,N75432,192,173,-12,0,IAH,SAN,1303,3,16,0,NA,0
2011,11,6,7,1020,1434,CO,1476,N14219,194,173,1,0,IAH,PHL,1325,6,15,0,NA,0
2011,9,6,2,635,923,DL,1512,N343NB,168,147,-2,-2,IAH,MSP,1034,5,16,0,NA,0
2011,7,7,4,1602,1746,XE,2346,N18120,104,89,-7,-3,IAH,HSV,595,4,11,0,NA,0
2011,12,18,7,2150,2248,XE,4215,N14171,58,41,138,145,IAH,CRP,201,8,9,0,NA,0
2011,12,25,7,638,1052,B6,620,N273JB,194,170,-11,-2,HOU,JFK,1428,9,15,0,NA,0
2011,7,28,4,900,942,WN,214,N636WN,102,88,-3,0,HOU,ELP,677,3,11,0,NA,0
2011,11,5,6,1541,1906,CO,1439,N25705,145,129,-23,-4,IAH,CLE,1091,5,11,0,NA,0
2011,10,29,6,1000,1100,WN,2008,N635SW,60,43,0,0,HOU,DAL,239,6,11,0,NA,0
2011,6,6,1,2030,2108,XE,2418,N14947,38,27,14,30,IAH,LCH,127,5,6,0,NA,0
2011,7,2,6,1822,1943,XE,3127,N17928,81,67,-11,-3,IAH,LBB,458,4,10,0,NA,0
2011,12,27,2,2116,2323,OO,5197,N726SK,127,107,-11,-4,IAH,OMA,781,4,16,0,NA,0
2011,2,20,7,1807,1951,XE,2376,N17928,104,74,-2,-3,IAH,ICT,542,6,24,0,NA,0
2011,7,21,4,1023,1402,OO,5804,N948SW,159,128,10,3,IAH,CLT,912,6,25,0,NA,0
2011,9,19,1,1033,1135,WN,1707,N902WN,62,45,-5,-2,HOU,MSY,302,3,14,0,NA,0
2011,7,16,6,1140,1326,WN,1069,N603SW,106,87,21,15,HOU,ECP,571,3,16,0,NA,0
2011,4,4,1,1954,2134,OO,5838,N693BR,100,74,87,69,IAH,MAF,429,4,22,0,NA,0
2011,1,20,4,1236,1542,WN,19,N636WN,126,104,2,6,HOU,MCO,848,6,16,0,NA,0
2011,6,7,2,1529,1844,XE,2298,N13118,135,111,-5,-6,IAH,IND,845,6,18,0,NA,0
2011,10,13,4,558,714,WN,2586,N511SW,196,177,-1,-2,HOU,LAS,1235,6,13,0,NA,0
2011,2,8,2,908,1206,CO,1873,N13248,118,99,-22,-2,IAH,MCO,853,6,13,0,NA,0
2011,1,27,4,700,754,WN,4,N700GS,54,44,-6,0,HOU,DAL,239,2,8,0,NA,0
2011,6,28,2,1000,1120,WN,863,N334SW,80,63,5,0,HOU,LIT,393,7,10,0,NA,0
2011,9,30,5,1736,1926,CO,1025,N33714,110,96,-2,1,IAH,MCI,643,6,8,0,NA,0
2011,5,11,3,559,708,WN,667,N498WN,189,179,-2,-1,HOU,LAS,1235,4,6,0,NA,0
2011,8,6,6,658,1017,DL,810,N946DL,139,96,4,-2,IAH,ATL,689,27,16,0,NA,0
2011,3,9,3,753,1110,XE,2525,N13929,NA,NA,NA,-7,IAH,GPT,376,7,19,0,NA,1
2011,2,18,5,1634,1817,F9,376,N947FR,163,132,67,45,HOU,DEN,883,5,26,0,NA,0
2011,8,8,1,743,1056,CO,1607,N37413,133,116,-4,-2,IAH,TPA,787,4,13,0,NA,0
2011,5,21,6,922,1024,XE,2939,N17138,62,44,39,37,IAH,MSY,305,6,12,0,NA,0
2011,5,4,3,1407,1709,CO,786,N57862,122,99,16,32,IAH,MCO,853,8,15,0,NA,0
2011,1,1,6,2017,2211,XE,2568,N11121,114,100,-5,2,IAH,DSM,802,6,8,0,NA,0
2011,3,21,1,2105,2224,CO,299,N57111,139,121,-12,0,IAH,DEN,862,8,10,0,NA,0
2011,3,6,7,911,1051,CO,1508,N76516,220,200,-9,-4,IAH,SNA,1347,7,13,0,NA,0
2011,1,14,5,2013,2152,XE,2938,N14998,99,79,-1,3,IAH,HSV,595,6,14,0,NA,0
2011,4,26,2,617,734,WN,2105,N611SW,137,126,4,-3,HOU,ABQ,759,4,7,0,NA,0
2011,4,2,6,1331,1713,CO,534,N15712,162,144,1,1,IAH,PIT,1117,5,13,0,NA,0
2011,5,3,2,726,824,WN,6,N376SW,58,39,-1,-4,HOU,DAL,239,3,16,0,NA,0
2011,5,20,5,1819,1919,XE,2790,N16927,60,42,50,44,IAH,CRP,201,5,13,0,NA,0
2011,6,19,7,1915,2227,CO,608,N37408,132,100,7,5,IAH,TPA,787,10,22,0,NA,0
2011,8,24,3,1448,1605,OO,2035,N754SK,77,58,-4,-2,IAH,OKC,395,3,16,0,NA,0
2011,7,8,5,737,1017,DL,686,N317US,160,134,-13,-6,IAH,MSP,1034,7,19,0,NA,0
2011,2,17,4,1441,1604,CO,599,N75851,143,115,4,16,IAH,DEN,862,6,22,0,NA,0
2011,7,12,2,2025,2135,XE,2830,N16911,70,55,42,50,IAH,JAN,351,7,8,0,NA,0
2011,1,30,7,1318,1633,XE,2066,N12160,135,115,-12,-7,IAH,PBI,956,3,17,0,NA,0
2011,1,1,6,2030,2325,XE,3137,N27190,115,96,25,35,IAH,LEX,828,7,12,0,NA,0
2011,4,8,5,2047,2351,WN,1778,N434WN,124,115,21,32,HOU,FLL,957,3,6,0,NA,0
2011,11,20,7,1955,2047,XE,4555,N14937,52,38,12,30,IAH,MLU,262,4,10,0,NA,0
2011,3,17,4,1756,1920,OO,5810,N954SW,144,114,5,-4,IAH,COS,809,7,23,0,NA,0
2011,1,9,7,918,1229,CO,1873,N16646,131,103,3,8,IAH,MCO,853,8,20,0,NA,0
2011,1,18,2,1951,2316,XE,2055,N11121,145,116,33,21,IAH,CLT,913,10,19,0,NA,0
2011,9,23,5,1029,1125,CO,1427,N38424,176,157,-23,-1,IAH,LAS,1222,6,13,0,NA,0
2011,4,21,4,1155,1230,XE,2847,N14198,155,133,8,10,IAH,TUS,936,4,18,0,NA,0
2011,5,5,4,1718,2116,WN,37,N275WN,178,160,-9,13,HOU,PHL,1335,6,12,0,NA,0
2011,5,8,7,1212,1314,AA,1698,N467AA,62,47,-6,7,IAH,DFW,224,7,8,0,NA,0
2011,5,22,7,NA,NA,XE,2479,N14991,NA,NA,NA,NA,IAH,DSM,802,NA,NA,1,A,0
2011,7,24,7,1933,2051,XE,3143,N12996,78,45,-1,-2,IAH,DFW,224,14,19,0,NA,0
2011,12,4,7,1701,1749,WN,3175,N956WN,48,39,-11,1,HOU,DAL,239,2,7,0,NA,0
2011,6,29,3,1426,1526,XE,2581,N16170,60,34,3,-4,IAH,CRP,201,5,21,0,NA,0
2011,12,20,2,2109,2245,OO,5208,N708SK,156,142,-5,3,IAH,TUS,936,4,10,0,NA,0
2011,7,1,5,915,1141,CO,1577,N32404,266,242,32,25,IAH,PDX,1825,4,20,0,NA,0
2011,5,10,2,1608,1702,OO,1156,N785SK,174,153,2,-7,IAH,PHX,1009,7,14,0,NA,0
2011,8,15,1,814,858,US,362,N305AW,164,139,-14,-6,IAH,PHX,1009,14,11,0,NA,0
2011,9,17,6,1029,1311,FL,298,N915AT,102,88,-20,-7,HOU,ATL,696,7,7,0,NA,0
2011,4,29,5,1713,1959,EV,5190,N606LR,106,90,65,77,HOU,ATL,696,6,10,0,NA,0
2011,11,17,4,1426,1546,XE,4221,N14945,80,66,-13,-4,IAH,MEM,468,4,10,0,NA,0
2011,12,12,1,2122,2214,XE,4088,N14939,52,34,6,7,IAH,LFT,201,6,12,0,NA,0
2011,9,10,6,715,1006,XE,2107,N48901,111,92,-9,0,IAH,ATL,689,9,10,0,NA,0
2011,12,10,6,1639,1821,WN,3682,N737JW,222,209,-9,-1,HOU,LAX,1390,7,6,0,NA,0
2011,1,10,1,1143,1437,WN,2459,N526SW,114,97,7,8,HOU,JAX,816,5,12,0,NA,0
2011,1,5,3,1508,1618,XE,2308,N14993,70,53,-1,-2,IAH,BRO,308,5,12,0,NA,0
2011,2,25,5,1503,1618,XE,2025,N11121,135,113,2,-2,IAH,ABQ,744,4,18,0,NA,0
2011,6,15,3,1840,2228,XE,2062,N15941,NA,NA,NA,25,IAH,LRD,301,3,13,0,NA,1
2011,10,5,3,1739,2050,CO,1615,N14628,131,93,-23,-6,IAH,ATL,689,22,16,0,NA,0
2011,10,2,7,1253,1427,XE,4698,N13988,94,78,-2,-2,IAH,VPS,528,6,10,0,NA,0
2011,8,29,1,1809,1915,XE,2212,N14945,66,41,45,39,IAH,BTR,253,9,16,0,NA,0
2011,1,13,4,2117,2212,CO,1479,N75435,55,37,8,13,IAH,SAT,191,3,15,0,NA,0
2011,7,10,7,1808,1900,CO,1779,N58606,52,33,8,18,IAH,SAT,191,5,14,0,NA,0
2011,5,2,1,1546,1915,CO,1648,N87513,149,121,3,1,IAH,FLL,965,4,24,0,NA,0
2011,11,2,3,1343,1703,XE,4092,N11137,140,124,-12,0,IAH,PBI,956,4,12,0,NA,0
2011,12,15,4,1948,2313,XE,4204,N14950,145,112,9,3,IAH,CLT,912,5,28,0,NA,0
2011,10,16,7,1255,1610,XE,4685,N14204,135,110,2,5,IAH,CVG,871,9,16,0,NA,0
2011,8,16,2,1335,1749,WN,23,N510SW,194,183,-1,5,HOU,PHL,1336,5,6,0,NA,0
2011,9,28,3,1536,1658,CO,33,N17244,82,46,21,6,IAH,MSY,305,10,26,0,NA,0
2011,10,18,2,1009,1341,CO,1085,N14731,152,132,-10,-1,IAH,CLE,1091,4,16,0,NA,0
2011,10,4,2,1047,1505,CO,106,N77012,198,169,-13,2,IAH,EWR,1400,9,20,0,NA,0
2011,2,21,1,2014,2312,XE,3036,N10156,118,104,-12,-1,IAH,CHS,925,4,10,0,NA,0
2011,3,22,2,1323,1413,WN,887,N759GS,50,40,8,13,HOU,SAT,192,3,7,0,NA,0
2011,6,16,4,1919,2339,CO,1776,N31412,200,172,1,4,IAH,PHL,1324,10,18,0,NA,0
2011,10,15,6,830,1154,XE,4095,N12195,144,127,50,65,IAH,CMH,986,7,10,0,NA,0
2011,5,1,7,1536,1632,WN,495,N350SW,56,45,17,21,HOU,HRL,276,3,8,0,NA,0
2011,6,14,2,1206,1335,CO,1629,N17730,209,184,12,6,IAH,SNA,1347,12,13,0,NA,0
2011,7,13,3,901,1031,XE,2399,N14204,150,127,-9,1,IAH,GJT,979,3,20,0,NA,0
2011,8,22,1,1848,1953,XE,2216,N16927,65,42,-9,-7,IAH,MLU,262,5,18,0,NA,0
2011,7,11,1,1533,1756,CO,1622,N87513,143,116,-22,3,IAH,ORD,925,9,18,0,NA,0
2011,8,20,6,1421,1448,CO,1294,N17627,147,128,-9,1,IAH,PHX,1009,3,16,0,NA,0
2011,11,9,3,1943,2248,OO,5186,N765SK,125,99,-15,-2,IAH,CVG,871,5,21,0,NA,0
2011,3,13,7,1446,1609,WN,3654,N357SW,83,70,4,6,HOU,TUL,453,4,9,0,NA,0
2011,4,29,5,1020,1327,XE,2295,N17185,127,103,-1,0,IAH,SAV,851,4,20,0,NA,0
2011,7,10,7,1237,1346,WN,990,N513SW,69,55,-4,2,HOU,OKC,419,3,11,0,NA,0
2011,12,3,6,1145,1523,CO,1214,N14704,158,137,-23,10,IAH,IAD,1190,10,11,0,NA,0
2011,5,23,1,1328,1653,XE,2715,N16918,145,112,6,-7,IAH,CAE,878,4,29,0,NA,0
2011,6,15,3,1028,1150,CO,409,N39297,202,184,11,-2,IAH,SAN,1303,4,14,0,NA,0
2011,9,9,5,1628,1932,XE,2496,N13970,124,105,-13,-7,IAH,SDF,788,6,13,0,NA,0
2011,2,13,7,1009,1144,WN,2194,N504SW,155,143,-26,4,HOU,PHX,1020,5,7,0,NA,0
2011,4,14,4,1410,1715,XE,2334,N11199,125,102,8,5,IAH,SAV,851,7,16,0,NA,0
2011,12,26,1,1828,2011,XE,4336,N14943,103,82,-6,-3,IAH,ICT,542,3,18,0,NA,0
2011,4,6,3,923,1133,CO,1714,N37409,250,229,6,3,IAH,SMF,1609,6,15,0,NA,0
2011,8,21,7,1915,2033,CO,47,N77867,198,171,-4,5,IAH,LAX,1379,9,18,0,NA,0
2011,5,2,1,729,846,XE,2525,N14925,77,57,13,9,IAH,GPT,376,5,15,0,NA,0
2011,2,6,7,909,1145,CO,1746,N32404,156,123,110,104,IAH,ORD,925,6,27,0,NA,0
2011,7,21,4,734,903,XE,2525,N14940,89,61,4,-6,IAH,GPT,376,6,22,0,NA,0
2011,12,18,7,2109,2201,XE,4354,N14937,52,32,-8,-6,IAH,LFT,201,5,15,0,NA,0
2011,6,8,3,2109,2215,CO,1423,N57868,66,45,5,4,IAH,MSY,305,4,17,0,NA,0
2011,6,16,4,1925,2240,CO,1830,N37277,135,114,5,20,IAH,PBI,956,6,15,0,NA,0
2011,10,28,5,2050,2120,OO,5220,N773SK,150,133,-3,0,IAH,TUS,936,5,12,0,NA,0
2011,3,28,1,753,903,XE,2373,N13936,70,30,18,-2,IAH,AUS,140,6,34,0,NA,0
2011,9,2,5,859,950,WN,3,N261WN,51,40,-5,-1,HOU,HRL,276,2,9,0,NA,0
2011,7,21,4,1405,1721,XE,2405,N33182,136,114,2,0,IAH,LEX,828,6,16,0,NA,0
2011,10,10,1,1106,1357,WN,1372,N511SW,111,101,-13,-4,HOU,TPA,781,4,6,0,NA,0
2011,2,20,7,1845,2052,CO,1889,N78285,247,223,4,12,IAH,SMF,1609,5,19,0,NA,0
2011,9,24,6,831,1000,CO,1574,N18220,209,183,0,1,IAH,LAX,1379,12,14,0,NA,0
2011,1,23,7,1923,2321,CO,1776,N26208,178,150,-7,8,IAH,PHL,1324,6,22,0,NA,0
2011,5,26,4,1828,2219,US,959,N452UW,171,146,79,53,IAH,CLT,913,12,13,0,NA,0
2011,5,30,1,1312,1420,XE,2964,N13936,68,41,6,2,IAH,DFW,224,7,20,0,NA,0
2011,5,4,3,1549,1655,CO,589,N33203,186,169,10,24,IAH,SAN,1303,2,15,0,NA,0
2011,9,6,2,552,914,DL,1884,N359NW,142,105,9,-3,IAH,ATL,689,25,12,0,NA,0
2011,10,7,5,1906,2228,CO,1661,N58606,142,95,12,1,IAH,ATL,689,22,25,0,NA,0
2011,6,30,4,1859,2220,XE,2044,N14173,141,120,55,69,IAH,CLT,913,6,15,0,NA,0
2011,2,22,2,2025,2308,WN,3358,N936WN,103,92,8,15,HOU,TPA,781,5,6,0,NA,0
2011,5,6,5,1802,1845,WN,41,N399WN,43,34,-10,-3,HOU,CRP,187,3,6,0,NA,0
2011,2,3,4,NA,NA,WN,2771,N905WN,NA,NA,NA,NA,HOU,LAX,1390,NA,NA,1,B,0
2011,12,6,2,1329,1703,CO,1151,N77865,154,110,17,-1,IAH,MCO,854,8,36,0,NA,0
2011,7,10,7,1010,1350,OO,1176,N726SK,160,143,3,0,IAH,RDU,1042,4,13,0,NA,0
2011,5,3,2,1955,2118,WN,453,N428WN,143,130,3,20,HOU,DEN,883,6,7,0,NA,0
2011,4,4,1,1600,1736,CO,1787,N14604,96,42,29,5,IAH,DFW,224,11,43,0,NA,0
2011,5,25,3,1905,2337,CO,310,N38417,212,183,-2,5,IAH,EWR,1400,7,22,0,NA,0
2011,3,5,6,1400,1611,XE,3004,N16147,131,116,-13,4,IAH,MKE,984,5,10,0,NA,0
2011,1,11,2,1437,1810,CO,1844,N33286,153,125,-11,2,IAH,CLE,1091,7,21,0,NA,0
2011,8,22,1,1906,2215,CO,1117,N24702,129,100,-1,1,IAH,ATL,689,12,17,0,NA,0
2011,12,11,7,1859,2213,CO,1192,N39423,134,114,-1,9,IAH,FLL,965,4,16,0,NA,0
2011,9,2,5,1306,1634,XE,2629,N12195,148,124,16,-4,IAH,GSP,837,4,20,0,NA,0
2011,5,31,2,751,934,XE,3040,N13566,103,92,4,-4,IAH,BHM,562,2,9,0,NA,0
2011,1,20,4,1547,1704,XE,2282,N12934,77,44,71,62,IAH,DFW,224,9,24,0,NA,0
2011,9,22,4,727,850,XE,2241,N14938,83,61,2,-3,IAH,MOB,427,8,14,0,NA,0
2011,11,7,1,958,1051,WN,16,N399WN,53,44,-9,-2,HOU,DAL,239,2,7,0,NA,0
2011,8,19,5,551,825,OO,5349,N779SK,154,129,3,1,IAH,ORD,925,7,18,0,NA,0
2011,8,17,3,1353,1430,XE,3040,N14198,97,83,-3,6,IAH,ELP,667,4,10,0,NA,0
2011,7,20,3,1657,1759,WN,213,N406WN,62,49,9,12,HOU,MSY,302,3,10,0,NA,0
2011,1,17,1,1902,2111,XE,2511,N13995,129,114,12,12,IAH,DSM,802,3,12,0,NA,0
2011,10,18,2,1402,1723,XE,4092,N34110,141,124,8,19,IAH,PBI,956,5,12,0,NA,0
2011,4,19,2,NA,NA,WN,3243,N614SW,NA,NA,NA,NA,HOU,HRL,276,NA,NA,1,A,0
2011,9,16,5,515,839,US,996,N454UW,144,125,-2,0,IAH,CLT,912,7,12,0,NA,0
2011,7,16,6,900,1030,XE,2908,N12946,90,70,5,5,IAH,AMA,517,5,15,0,NA,0
2011,9,2,5,1854,2133,OO,2038,N788SK,159,133,3,-1,IAH,MKE,984,5,21,0,NA,0
2011,10,10,1,1026,1406,CO,1564,N16642,160,138,-1,1,IAH,RDU,1042,8,14,0,NA,0
2011,9,24,6,1255,1618,XE,2360,N19554,143,129,-9,-5,IAH,CMH,986,4,10,0,NA,0
2011,10,15,6,1323,1635,DL,1675,N917DE,132,92,11,-2,IAH,ATL,689,27,13,0,NA,0
2011,3,20,7,1512,1619,XE,2308,N13538,67,51,-8,-7,IAH,BRO,308,6,10,0,NA,0
2011,12,6,2,752,1110,XE,4247,N16999,138,104,-15,-8,IAH,CVG,871,8,26,0,NA,0
2011,3,23,3,2132,2,CO,770,N77871,270,221,60,42,IAH,SFO,1635,7,42,0,NA,0
2011,5,23,1,1656,1827,XE,2944,N14991,91,71,34,36,IAH,MEM,469,8,12,0,NA,0
2011,6,3,5,1232,1612,CO,1790,N46625,160,133,7,-3,IAH,MIA,964,12,15,0,NA,0
2011,6,20,1,1450,1645,XE,2274,N14923,115,93,1,0,IAH,MCI,643,8,14,0,NA,0
2011,11,20,7,1905,2231,CO,1533,N78285,146,129,-31,-5,IAH,PIT,1117,7,10,0,NA,0
2011,7,20,3,807,1001,XE,2776,N13969,114,93,12,17,IAH,MCI,643,3,18,0,NA,0
2011,9,16,5,1741,2015,CO,1523,N14242,274,254,17,11,IAH,SEA,1874,5,15,0,NA,0
2011,5,11,3,1723,2013,CO,1546,N16217,170,141,69,53,IAH,ORD,925,10,19,0,NA,0
2011,7,18,1,1926,2104,XE,2800,N15926,98,64,2,-4,IAH,XNA,438,5,29,0,NA,0
2011,4,29,5,1856,2006,WN,226,N292WN,190,179,21,26,HOU,LAS,1235,5,6,0,NA,0
2011,9,28,3,1033,1253,WN,1106,N963WN,140,126,-7,-2,HOU,MDW,937,3,11,0,NA,0
2011,2,14,1,1733,1824,XE,3005,N15926,51,38,-5,3,IAH,CRP,201,4,9,0,NA,0
2011,6,22,3,2046,2214,WN,1863,N417WN,148,122,74,81,HOU,DEN,883,7,19,0,NA,0
2011,4,16,6,1812,1920,XE,2425,N13550,68,46,-2,-8,IAH,BRO,308,4,18,0,NA,0
2011,6,20,1,1817,1910,CO,289,N62631,53,28,21,22,IAH,AUS,140,9,16,0,NA,0
2011,6,12,7,2122,2334,CO,209,N75428,252,237,34,32,IAH,PDX,1825,3,12,0,NA,0
2011,5,25,3,1540,1745,OO,5814,N593ML,125,99,8,0,IAH,STL,668,6,20,0,NA,0
2011,6,6,1,1518,1632,WN,2106,N340LV,74,59,12,3,HOU,MSY,303,3,12,0,NA,0
2011,1,23,7,1746,1828,WN,791,N421LV,42,30,8,11,HOU,AUS,148,4,8,0,NA,0
2011,11,3,4,1200,1304,MQ,3216,N668MQ,64,45,4,10,HOU,DFW,247,9,10,0,NA,0
2011,3,26,6,909,1213,WN,1280,N773SA,124,114,-17,-1,HOU,FLL,957,3,7,0,NA,0
2011,4,11,1,2051,2303,WN,806,N734SA,132,120,-7,1,HOU,MDW,937,3,9,0,NA,0
2011,9,21,3,1033,1327,WN,2151,N784SW,114,102,-13,-2,HOU,JAX,816,4,8,0,NA,0
2011,7,17,7,856,1131,CO,1850,N25705,155,130,5,6,IAH,ORD,925,5,20,0,NA,0
2011,12,25,7,1756,1902,XE,4615,N14938,66,43,26,21,IAH,CRP,201,5,18,0,NA,0
2011,6,10,5,1948,2229,CO,344,N39416,161,132,84,83,IAH,ORD,925,16,13,0,NA,0
2011,7,14,4,900,1033,XE,2792,N12967,93,66,10,0,IAH,TUL,429,3,24,0,NA,0
2011,8,22,1,852,1219,US,1220,N435US,147,127,-2,0,IAH,CLT,912,6,14,0,NA,0
2011,5,24,2,1316,1812,CO,482,N73270,236,210,20,16,IAH,BOS,1597,10,16,0,NA,0
2011,5,23,1,556,652,US,270,N334AW,176,157,5,-4,IAH,PHX,1009,6,13,0,NA,0
2011,10,19,3,1813,2010,XE,4385,N21129,177,153,17,0,IAH,GJT,979,3,21,0,NA,0
2011,8,19,5,2116,2208,XE,2349,N21197,112,86,-1,-4,IAH,ELP,667,4,22,0,NA,0
2011,3,8,2,1609,1722,WN,559,N508SW,73,63,-3,4,HOU,OKC,419,3,7,0,NA,0
